video_id,gloss,label,label_id,split,url,source,signer_id,frame_start,frame_end,fps,expected_video_stem,landmark_path,resolved_video_path,download_status,has_landmarks
69302,drink,drink,5,val,http://aslbricks.org/New/ASL-Videos/drink.mp4,aslbrick,115,1,-1,25,data\raw\WLASL100\videos\69302,data\landmarks\wlasl100\69302.npy,data\raw\WLASL100\videos\69302.mp4,found,True
70173,drink,drink,5,val,https://www.youtube.com/watch?v=F5Wef1_PtLk,northtexas,121,5710,5831,25,data\raw\WLASL100\videos\70173,data\landmarks\wlasl100\70173.npy,data\raw\WLASL100\videos\70173.mp4,found,True
68042,drink,drink,5,val,https://www.youtube.com/watch?v=KRc_WYI1DgA,valencia-asl,109,1,-1,25,data\raw\WLASL100\videos\68042,data\landmarks\wlasl100\68042.npy,data\raw\WLASL100\videos\68042.mp4,found,True
68041,drink,drink,5,train,https://www.youtube.com/watch?v=Nc7rSopCpI8,valencia-asl,109,1,-1,25,data\raw\WLASL100\videos\68041,data\landmarks\wlasl100\68041.npy,data\raw\WLASL100\videos\68041.mp4,found,True
17725,drink,drink,5,train,https://www.youtube.com/watch?v=537MWOtCl78,aslu,5,1,-1,25,data\raw\WLASL100\videos\17725,data\landmarks\wlasl100\17725.npy,data\raw\WLASL100\videos\17725.mp4,found,True
17728,drink,drink,5,train,https://www.youtube.com/watch?v=g3rl9_LYqzI,aslu,5,1,-1,25,data\raw\WLASL100\videos\17728,data\landmarks\wlasl100\17728.npy,data\raw\WLASL100\videos\17728.mp4,found,True
17710,drink,drink,5,train,https://s3-us-west-1.amazonaws.com/files.startasl.com/asldictionary/drink.mp4,startasl,36,1,-1,25,data\raw\WLASL100\videos\17710,data\landmarks\wlasl100\17710.npy,data\raw\WLASL100\videos\17710.mp4,found,True
17729,drink,drink,5,train,https://www.youtube.com/watch?v=i0opsQ2zB1Q,aslu,5,1,-1,25,data\raw\WLASL100\videos\17729,data\landmarks\wlasl100\17729.npy,data\raw\WLASL100\videos\17729.mp4,found,True
17730,drink,drink,5,test,https://www.youtube.com/watch?v=k6cNmM9WgUs,aslu,5,1,-1,25,data\raw\WLASL100\videos\17730,data\landmarks\wlasl100\17730.npy,data\raw\WLASL100\videos\17730.mp4,found,True
17731,drink,drink,5,train,https://www.youtube.com/watch?v=LqJM7wcUixQ,aslu,5,1,-1,25,data\raw\WLASL100\videos\17731,data\landmarks\wlasl100\17731.npy,data\raw\WLASL100\videos\17731.mp4,found,True
17711,drink,drink,5,train,https://signstock.blob.core.windows.net/signschool/videos/db_uploads/SignSchool%20Drink%20(correct)-0UzEF7ru0sQ.mp4,signschool,52,1,-1,25,data\raw\WLASL100\videos\17711,data\landmarks\wlasl100\17711.npy,data\raw\WLASL100\videos\17711.mp4,found,True
17712,drink,drink,5,train,https://signstock.blob.core.windows.net/signschool/videos/db_uploads/SignSchool%20Drink-L6hHRIQzWBo.mp4,signschool,6,1,-1,25,data\raw\WLASL100\videos\17712,data\landmarks\wlasl100\17712.npy,data\raw\WLASL100\videos\17712.mp4,found,True
17713,drink,drink,5,test,https://media.asldeafined.com/vocabulary/1467773819.9825.mp4,asldeafined,21,1,-1,25,data\raw\WLASL100\videos\17713,data\landmarks\wlasl100\17713.npy,data\raw\WLASL100\videos\17713.mp4,found,True
17709,drink,drink,5,train,https://media.spreadthesign.com/video/mp4/13/153289.mp4,spreadthesign,2,1,-1,25,data\raw\WLASL100\videos\17709,data\landmarks\wlasl100\17709.npy,data\raw\WLASL100\videos\17709.mp4,found,True
12306,computer,computer,3,test,https://www.youtube.com/watch?v=PPmQd2zWdP0,asl5200,9,5122,5181,25,data\raw\WLASL100\videos\12306,data\landmarks\wlasl100\12306.npy,data\raw\WLASL100\videos\12306.mp4,found,True
68028,computer,computer,3,train,https://www.youtube.com/watch?v=H-tAzh-nuV8,valencia-asl,109,1,-1,25,data\raw\WLASL100\videos\68028,data\landmarks\wlasl100\68028.npy,data\raw\WLASL100\videos\68028.mp4,found,True
12329,computer,computer,3,train,https://www.youtube.com/watch?v=97IwdVSOQho,aslu,5,1,-1,25,data\raw\WLASL100\videos\12329,data\landmarks\wlasl100\12329.npy,data\raw\WLASL100\videos\12329.mp4,found,True
12330,computer,computer,3,train,https://www.youtube.com/watch?v=cujhpwWi1yY,aslu,5,1,-1,25,data\raw\WLASL100\videos\12330,data\landmarks\wlasl100\12330.npy,data\raw\WLASL100\videos\12330.mp4,found,True
12312,computer,computer,3,val,https://s3-us-west-1.amazonaws.com/files.startasl.com/asldictionary/computer-2.mp4,startasl,38,1,-1,25,data\raw\WLASL100\videos\12312,data\landmarks\wlasl100\12312.npy,data\raw\WLASL100\videos\12312.mp4,found,True
12331,computer,computer,3,train,https://www.youtube.com/watch?v=fY11M3Dxxx0,aslu,5,1,-1,25,data\raw\WLASL100\videos\12331,data\landmarks\wlasl100\12331.npy,data\raw\WLASL100\videos\12331.mp4,found,True
12333,computer,computer,3,val,https://www.youtube.com/watch?v=-_RSZM-lLXE,aslu,5,1,-1,25,data\raw\WLASL100\videos\12333,data\landmarks\wlasl100\12333.npy,data\raw\WLASL100\videos\12333.mp4,found,True
12335,computer,computer,3,val,https://www.youtube.com/watch?v=vK4GwJaDcWU,aslu,5,1,-1,25,data\raw\WLASL100\videos\12335,data\landmarks\wlasl100\12335.npy,data\raw\WLASL100\videos\12335.mp4,found,True
12311,computer,computer,3,train,https://media.spreadthesign.com/video/mp4/13/51378.mp4,spreadthesign,56,1,-1,25,data\raw\WLASL100\videos\12311,data\landmarks\wlasl100\12311.npy,data\raw\WLASL100\videos\12311.mp4,found,True
12313,computer,computer,3,train,https://s3-us-west-1.amazonaws.com/files.startasl.com/asldictionary/computer.mp4,startasl,38,1,-1,25,data\raw\WLASL100\videos\12313,data\landmarks\wlasl100\12313.npy,data\raw\WLASL100\videos\12313.mp4,found,True
12314,computer,computer,3,train,https://signstock.blob.core.windows.net/signschool/videos/db_uploads/Computer%203-ZIm7kG5ie_M.mp4,signschool,4,1,-1,25,data\raw\WLASL100\videos\12314,data\landmarks\wlasl100\12314.npy,data\raw\WLASL100\videos\12314.mp4,found,True
12315,computer,computer,3,val,https://signstock.blob.core.windows.net/signschool/videos/db_uploads/Computer%205-wOn7bu44o4s.mp4,signschool,4,1,-1,25,data\raw\WLASL100\videos\12315,data\landmarks\wlasl100\12315.npy,data\raw\WLASL100\videos\12315.mp4,found,True
12316,computer,computer,3,train,https://signstock.blob.core.windows.net/signschool/videos/db_uploads/SignSchool%20Computer%201-_2YnCKHJy6U.mp4,signschool,4,1,-1,25,data\raw\WLASL100\videos\12316,data\landmarks\wlasl100\12316.npy,data\raw\WLASL100\videos\12316.mp4,found,True
12317,computer,computer,3,train,https://signstock.blob.core.windows.net/signschool/videos/db_uploads/SignSchool%20Computer%202-_HHzYqXw-xU.mp4,signschool,4,1,-1,25,data\raw\WLASL100\videos\12317,data\landmarks\wlasl100\12317.npy,data\raw\WLASL100\videos\12317.mp4,found,True
12318,computer,computer,3,train,https://signstock.blob.core.windows.net/signschool/videos/db_uploads/SignSchool%20Computer%204-1f6Cc5NXBgw.mp4,signschool,4,1,-1,25,data\raw\WLASL100\videos\12318,data\landmarks\wlasl100\12318.npy,data\raw\WLASL100\videos\12318.mp4,found,True
12319,computer,computer,3,train,https://signstock.blob.core.windows.net/signschool/videos/db_uploads/SignSchool%20Republic%20of%20Congo-b6U1CIWIPIw.mp4,signschool,45,1,-1,25,data\raw\WLASL100\videos\12319,data\landmarks\wlasl100\12319.npy,data\raw\WLASL100\videos\12319.mp4,found,True
12320,computer,computer,3,test,https://media.asldeafined.com/vocabulary/1466901185.5915.mp4,asldeafined,59,1,-1,25,data\raw\WLASL100\videos\12320,data\landmarks\wlasl100\12320.npy,data\raw\WLASL100\videos\12320.mp4,found,True
5724,before,before,0,train,https://www.youtube.com/watch?v=pDqITge_TGs,asl5200,9,1733,1779,25,data\raw\WLASL100\videos\05724,data\landmarks\wlasl100\05724.npy,data\raw\WLASL100\videos\05724.mp4,found,True
70348,before,before,0,train,https://www.youtube.com/watch?v=bq-HmgjGzmw,northtexas,121,4778,4873,25,data\raw\WLASL100\videos\70348,data\landmarks\wlasl100\70348.npy,data\raw\WLASL100\videos\70348.mp4,found,True
68007,before,before,0,train,https://www.youtube.com/watch?v=IYH-gBXXl8I,valencia-asl,109,1,-1,25,data\raw\WLASL100\videos\68007,data\landmarks\wlasl100\68007.npy,data\raw\WLASL100\videos\68007.mp4,found,True
5744,before,before,0,train,https://www.youtube.com/watch?v=MvtVsr3P098,aslu,5,1,-1,25,data\raw\WLASL100\videos\05744,data\landmarks\wlasl100\05744.npy,data\raw\WLASL100\videos\05744.mp4,found,True
5746,before,before,0,val,https://www.youtube.com/watch?v=PeO4kaKvoVM,aslu,5,1,-1,25,data\raw\WLASL100\videos\05746,data\landmarks\wlasl100\05746.npy,data\raw\WLASL100\videos\05746.mp4,found,True
5728,before,before,0,train,https://signstock.blob.core.windows.net/signschool/videos/db_uploads/SignSchool%20Before%202-02xxXtC3G8c.mp4,signschool,32,1,-1,25,data\raw\WLASL100\videos\05728,data\landmarks\wlasl100\05728.npy,data\raw\WLASL100\videos\05728.mp4,found,True
5747,before,before,0,train,https://www.youtube.com/watch?v=TQMe2WDz9QE,aslu,5,1,-1,25,data\raw\WLASL100\videos\05747,data\landmarks\wlasl100\05747.npy,data\raw\WLASL100\videos\05747.mp4,found,True
5729,before,before,0,train,https://signstock.blob.core.windows.net/signschool/videos/db_uploads/SignSchool%20Before-kM8O_piLegw.mp4,signschool,46,1,-1,25,data\raw\WLASL100\videos\05729,data\landmarks\wlasl100\05729.npy,data\raw\WLASL100\videos\05729.mp4,found,True
5730,before,before,0,train,https://signstock.blob.core.windows.net/signschool/videos/db_uploads/SignSchool%20Before-Se78WI3j-mI.mp4,signschool,32,1,-1,25,data\raw\WLASL100\videos\05730,data\landmarks\wlasl100\05730.npy,data\raw\WLASL100\videos\05730.mp4,found,True
5731,before,before,0,train,https://signstock.blob.core.windows.net/signschool/videos/db_uploads/SignSchool%20Last-0SLfkAHELAs.mp4,signschool,4,1,-1,25,data\raw\WLASL100\videos\05731,data\landmarks\wlasl100\05731.npy,data\raw\WLASL100\videos\05731.mp4,found,True
5732,before,before,0,train,https://media.asldeafined.com/vocabulary/1466681314.2550.mp4,asldeafined,13,1,-1,25,data\raw\WLASL100\videos\05732,data\landmarks\wlasl100\05732.npy,data\raw\WLASL100\videos\05732.mp4,found,True
5733,before,before,0,train,https://media.asldeafined.com/vocabulary/1466681379.1244.mp4,asldeafined,13,1,-1,25,data\raw\WLASL100\videos\05733,data\landmarks\wlasl100\05733.npy,data\raw\WLASL100\videos\05733.mp4,found,True
5734,before,before,0,train,https://media.asldeafined.com/vocabulary/1468755772.9751.mp4,asldeafined,13,1,-1,25,data\raw\WLASL100\videos\05734,data\landmarks\wlasl100\05734.npy,data\raw\WLASL100\videos\05734.mp4,found,True
5727,before,before,0,test,https://s3-us-west-1.amazonaws.com/files.startasl.com/asldictionary/before.mp4,startasl,38,1,-1,25,data\raw\WLASL100\videos\05727,data\landmarks\wlasl100\05727.npy,data\raw\WLASL100\videos\05727.mp4,found,True
63219,who,who,17,test,https://www.youtube.com/watch?v=A5dihMAjeTE,asl5200,9,2159,2235,25,data\raw\WLASL100\videos\63219,data\landmarks\wlasl100\63219.npy,data\raw\WLASL100\videos\63219.mp4,found,True
69534,who,who,17,train,http://aslbricks.org/New/ASL-Videos/who.mp4,aslbrick,118,1,-1,25,data\raw\WLASL100\videos\69534,data\landmarks\wlasl100\69534.npy,data\raw\WLASL100\videos\69534.mp4,found,True
68183,who,who,17,train,https://www.youtube.com/watch?v=Xx8ZjswBRLY,valencia-asl,111,1,-1,25,data\raw\WLASL100\videos\68183,data\landmarks\wlasl100\68183.npy,data\raw\WLASL100\videos\68183.mp4,found,True
63239,who,who,17,train,https://www.youtube.com/watch?v=pBnGrdxhxHQ,aslu,5,1,-1,25,data\raw\WLASL100\videos\63239,data\landmarks\wlasl100\63239.npy,data\raw\WLASL100\videos\63239.mp4,found,True
63240,who,who,17,train,https://www.youtube.com/watch?v=_V31e361KV8,aslu,5,1,-1,25,data\raw\WLASL100\videos\63240,data\landmarks\wlasl100\63240.npy,data\raw\WLASL100\videos\63240.mp4,found,True
63226,who,who,17,test,https://s3-us-west-1.amazonaws.com/files.startasl.com/asldictionary/who.mp4,startasl,36,1,-1,25,data\raw\WLASL100\videos\63226,data\landmarks\wlasl100\63226.npy,data\raw\WLASL100\videos\63226.mp4,found,True
63227,who,who,17,train,https://signstock.blob.core.windows.net/signschool/videos/db_uploads/SignSchool%20Who%202-P20hHY3qUEQ.mp4,signschool,6,1,-1,25,data\raw\WLASL100\videos\63227,data\landmarks\wlasl100\63227.npy,data\raw\WLASL100\videos\63227.mp4,found,True
63228,who,who,17,train,https://signstock.blob.core.windows.net/signschool/videos/db_uploads/SignSchool%20Who-rehp_kwiS-I.mp4,signschool,6,1,-1,25,data\raw\WLASL100\videos\63228,data\landmarks\wlasl100\63228.npy,data\raw\WLASL100\videos\63228.mp4,found,True
63229,who,who,17,val,https://signstock.blob.core.windows.net/signschool/videos/db_uploads/SignSchool%20Who-wmIY6Yo-vp8.mp4,signschool,4,1,-1,25,data\raw\WLASL100\videos\63229,data\landmarks\wlasl100\63229.npy,data\raw\WLASL100\videos\63229.mp4,found,True
63230,who,who,17,val,https://signstock.blob.core.windows.net/signschool/videos/db_uploads/SignSchool%20Who-xchfz0eTaP8.mp4,signschool,46,1,-1,25,data\raw\WLASL100\videos\63230,data\landmarks\wlasl100\63230.npy,data\raw\WLASL100\videos\63230.mp4,found,True
63231,who,who,17,train,https://media.asldeafined.com/vocabulary/1468928348.68.mp4,asldeafined,13,1,-1,25,data\raw\WLASL100\videos\63231,data\landmarks\wlasl100\63231.npy,data\raw\WLASL100\videos\63231.mp4,found,True
63232,who,who,17,train,https://media.asldeafined.com/vocabulary/1539176590.1089.mp4,asldeafined,59,1,-1,25,data\raw\WLASL100\videos\63232,data\landmarks\wlasl100\63232.npy,data\raw\WLASL100\videos\63232.mp4,found,True
63225,who,who,17,train,https://media.spreadthesign.com/video/mp4/13/51811.mp4,spreadthesign,42,1,-1,25,data\raw\WLASL100\videos\63225,data\landmarks\wlasl100\63225.npy,data\raw\WLASL100\videos\63225.mp4,found,True
8909,candy,candy,1,train,https://www.youtube.com/watch?v=PPmQd2zWdP0,asl5200,9,730,782,25,data\raw\WLASL100\videos\08909,data\landmarks\wlasl100\08909.npy,data\raw\WLASL100\videos\08909.mp4,found,True
68018,candy,candy,1,train,https://www.youtube.com/watch?v=LMQ4kaHPS48,valencia-asl,109,1,-1,25,data\raw\WLASL100\videos\68018,data\landmarks\wlasl100\68018.npy,data\raw\WLASL100\videos\68018.mp4,found,True
70326,candy,candy,1,train,https://www.youtube.com/watch?v=pc0-gVEETVg,northtexas,121,5286,5411,25,data\raw\WLASL100\videos\70326,data\landmarks\wlasl100\70326.npy,data\raw\WLASL100\videos\70326.mp4,found,True
8916,candy,candy,1,train,https://s3-us-west-1.amazonaws.com/files.startasl.com/asldictionary/candy.mp4,startasl,36,1,-1,25,data\raw\WLASL100\videos\08916,data\landmarks\wlasl100\08916.npy,data\raw\WLASL100\videos\08916.mp4,found,True
8917,candy,candy,1,train,https://signstock.blob.core.windows.net/signschool/videos/db_uploads/SignSchool%20Candy%2C%20It%27s%20Nothing%202-dsVi-FR4eBg.mp4,signschool,39,1,-1,25,data\raw\WLASL100\videos\08917,data\landmarks\wlasl100\08917.npy,data\raw\WLASL100\videos\08917.mp4,found,True
8918,candy,candy,1,val,https://signstock.blob.core.windows.net/signschool/videos/db_uploads/SignSchool%20Candy%2C%20It%27s%20Nothing-YX3NQ7iEwiE.mp4,signschool,39,1,-1,25,data\raw\WLASL100\videos\08918,data\landmarks\wlasl100\08918.npy,data\raw\WLASL100\videos\08918.mp4,found,True
8919,candy,candy,1,train,https://signstock.blob.core.windows.net/signschool/videos/db_uploads/SignSchool%20Candy-v1iNoQ1DZ7c.mp4,signschool,4,1,-1,25,data\raw\WLASL100\videos\08919,data\landmarks\wlasl100\08919.npy,data\raw\WLASL100\videos\08919.mp4,found,True
8920,candy,candy,1,train,https://signstock.blob.core.windows.net/signschool/videos/db_uploads/SignSchool%20Cute-Dl2ekdgVRTg.mp4,signschool,4,1,-1,25,data\raw\WLASL100\videos\08920,data\landmarks\wlasl100\08920.npy,data\raw\WLASL100\videos\08920.mp4,found,True
8921,candy,candy,1,train,https://media.asldeafined.com/vocabulary/1471144833.8086.mp4,asldeafined,17,1,-1,25,data\raw\WLASL100\videos\08921,data\landmarks\wlasl100\08921.npy,data\raw\WLASL100\videos\08921.mp4,found,True
8915,candy,candy,1,test,https://media.spreadthesign.com/video/mp4/13/51294.mp4,spreadthesign,56,1,-1,25,data\raw\WLASL100\videos\08915,data\landmarks\wlasl100\08915.npy,data\raw\WLASL100\videos\08915.mp4,found,True
8926,candy,candy,1,train,https://www.youtube.com/watch?v=EfJ4xLiX5IA,aslu,5,1,-1,25,data\raw\WLASL100\videos\08926,data\landmarks\wlasl100\08926.npy,data\raw\WLASL100\videos\08926.mp4,found,True
8927,candy,candy,1,train,https://www.youtube.com/watch?v=nmD3uqyVAC0,aslu,5,1,-1,25,data\raw\WLASL100\videos\08927,data\landmarks\wlasl100\08927.npy,data\raw\WLASL100\videos\08927.mp4,found,True
14855,deaf,deaf,4,test,https://www.youtube.com/watch?v=ChIupJBcxjs,asl5200,9,497,543,25,data\raw\WLASL100\videos\14855,data\landmarks\wlasl100\14855.npy,data\raw\WLASL100\videos\14855.mp4,found,True
70015,deaf,deaf,4,train,https://www.youtube.com/watch?v=25ymRY7hbjs,northtexas,121,4420,4511,25,data\raw\WLASL100\videos\70015,data\landmarks\wlasl100\70015.npy,data\raw\WLASL100\videos\70015.mp4,found,True
68033,deaf,deaf,4,train,https://www.youtube.com/watch?v=Qvn5RGyb0po,valencia-asl,109,1,-1,25,data\raw\WLASL100\videos\68033,data\landmarks\wlasl100\68033.npy,data\raw\WLASL100\videos\68033.mp4,found,True
14899,deaf,deaf,4,train,https://www.youtube.com/watch?v=sP4e9vRUCYM,aslu,5,1,-1,25,data\raw\WLASL100\videos\14899,data\landmarks\wlasl100\14899.npy,data\raw\WLASL100\videos\14899.mp4,found,True
14882,deaf,deaf,4,train,https://s3-us-west-1.amazonaws.com/files.startasl.com/asldictionary/deaf.mp4,startasl,36,1,-1,25,data\raw\WLASL100\videos\14882,data\landmarks\wlasl100\14882.npy,data\raw\WLASL100\videos\14882.mp4,found,True
14883,deaf,deaf,4,test,https://signstock.blob.core.windows.net/signschool/videos/db_uploads/SignSchool%20Deaf%202-1tMYCoZB0lE.mp4,signschool,45,1,-1,25,data\raw\WLASL100\videos\14883,data\landmarks\wlasl100\14883.npy,data\raw\WLASL100\videos\14883.mp4,found,True
14884,deaf,deaf,4,train,https://signstock.blob.core.windows.net/signschool/videos/db_uploads/SignSchool%20Deaf%202-VoHLEG8FIH4.mp4,signschool,4,1,-1,25,data\raw\WLASL100\videos\14884,data\landmarks\wlasl100\14884.npy,data\raw\WLASL100\videos\14884.mp4,found,True
14885,deaf,deaf,4,train,https://signstock.blob.core.windows.net/signschool/videos/db_uploads/SignSchool%20Deaf-bHRhz2geOTA.mp4,signschool,45,1,-1,25,data\raw\WLASL100\videos\14885,data\landmarks\wlasl100\14885.npy,data\raw\WLASL100\videos\14885.mp4,found,True
14886,deaf,deaf,4,train,https://signstock.blob.core.windows.net/signschool/videos/SignSchool%20Deaf.mp4,signschool,4,1,-1,25,data\raw\WLASL100\videos\14886,data\landmarks\wlasl100\14886.npy,data\raw\WLASL100\videos\14886.mp4,found,True
14887,deaf,deaf,4,val,https://media.asldeafined.com/vocabulary/1466906743.302.mp4,asldeafined,59,1,-1,25,data\raw\WLASL100\videos\14887,data\landmarks\wlasl100\14887.npy,data\raw\WLASL100\videos\14887.mp4,found,True
14888,deaf,deaf,4,test,https://media.asldeafined.com/vocabulary/1522766619.2346.mp4,asldeafined,15,1,-1,25,data\raw\WLASL100\videos\14888,data\landmarks\wlasl100\14888.npy,data\raw\WLASL100\videos\14888.mp4,found,True
14896,deaf,deaf,4,train,https://www.youtube.com/watch?v=IgT0jDp56ZM,scott,47,1,-1,25,data\raw\WLASL100\videos\14896,data\landmarks\wlasl100\14896.npy,data\raw\WLASL100\videos\14896.mp4,found,True
14898,deaf,deaf,4,train,https://www.youtube.com/watch?v=ofL3HMkLDOc,aslu,5,1,-1,25,data\raw\WLASL100\videos\14898,data\landmarks\wlasl100\14898.npy,data\raw\WLASL100\videos\14898.mp4,found,True
38482,no,no,11,test,https://www.youtube.com/watch?v=1_jXxjd0lKE,asl5200,9,1318,1397,25,data\raw\WLASL100\videos\38482,data\landmarks\wlasl100\38482.npy,data\raw\WLASL100\videos\38482.mp4,found,True
69411,no,no,11,val,http://aslbricks.org/New/ASL-Videos/no.mp4,aslbrick,118,1,-1,25,data\raw\WLASL100\videos\69411,data\landmarks\wlasl100\69411.npy,data\raw\WLASL100\videos\69411.mp4,found,True
68110,no,no,11,val,https://www.youtube.com/watch?v=BqmquW0f1ok,valencia-asl,109,1,-1,25,data\raw\WLASL100\videos\68110,data\landmarks\wlasl100\68110.npy,data\raw\WLASL100\videos\68110.mp4,found,True
38539,no,no,11,train,https://www.youtube.com/watch?v=nyUDOPmQlZQ,scott,47,1,-1,25,data\raw\WLASL100\videos\38539,data\landmarks\wlasl100\38539.npy,data\raw\WLASL100\videos\38539.mp4,found,True
38540,no,no,11,train,https://www.youtube.com/watch?v=pkzfT9cYvH0,aslu,5,1,-1,25,data\raw\WLASL100\videos\38540,data\landmarks\wlasl100\38540.npy,data\raw\WLASL100\videos\38540.mp4,found,True
38541,no,no,11,train,https://www.youtube.com/watch?v=QJXKaOSyl4o,aslu,5,1,-1,25,data\raw\WLASL100\videos\38541,data\landmarks\wlasl100\38541.npy,data\raw\WLASL100\videos\38541.mp4,found,True
38525,no,no,11,test,https://s3-us-west-1.amazonaws.com/files.startasl.com/asldictionary/no.mp4,startasl,36,1,-1,25,data\raw\WLASL100\videos\38525,data\landmarks\wlasl100\38525.npy,data\raw\WLASL100\videos\38525.mp4,found,True
38527,no,no,11,train,https://signstock.blob.core.windows.net/signschool/videos/db_uploads/SignSchool%20No-hwa_U71nr74.mp4,signschool,3,1,-1,25,data\raw\WLASL100\videos\38527,data\landmarks\wlasl100\38527.npy,data\raw\WLASL100\videos\38527.mp4,found,True
38529,no,no,11,train,https://media.asldeafined.com/vocabulary/1468719269.5533.mp4,asldeafined,13,1,-1,25,data\raw\WLASL100\videos\38529,data\landmarks\wlasl100\38529.npy,data\raw\WLASL100\videos\38529.mp4,found,True
38530,no,no,11,train,https://media.asldeafined.com/vocabulary/1522767129.7038.mp4,asldeafined,15,1,-1,25,data\raw\WLASL100\videos\38530,data\landmarks\wlasl100\38530.npy,data\raw\WLASL100\videos\38530.mp4,found,True
38524,no,no,11,train,https://media.spreadthesign.com/video/mp4/13/48823.mp4,spreadthesign,56,1,-1,25,data\raw\WLASL100\videos\38524,data\landmarks\wlasl100\38524.npy,data\raw\WLASL100\videos\38524.mp4,found,True
38538,no,no,11,train,https://www.youtube.com/watch?v=mskmnqYYsGw,aslu,5,1,-1,25,data\raw\WLASL100\videos\38538,data\landmarks\wlasl100\38538.npy,data\raw\WLASL100\videos\38538.mp4,found,True
57919,thin,thin,15,train,https://www.youtube.com/watch?v=x6CehcknaH8,asl5200,9,2147,2196,25,data\raw\WLASL100\videos\57919,data\landmarks\wlasl100\57919.npy,data\raw\WLASL100\videos\57919.mp4,found,True
57950,thin,thin,15,train,https://www.youtube.com/watch?v=5IGeT5NK79A,aslu,5,1,-1,25,data\raw\WLASL100\videos\57950,data\landmarks\wlasl100\57950.npy,data\raw\WLASL100\videos\57950.mp4,found,True
57934,thin,thin,15,train,https://s3-us-west-1.amazonaws.com/files.startasl.com/asldictionary/thin-2.mp4,startasl,38,1,-1,25,data\raw\WLASL100\videos\57934,data\landmarks\wlasl100\57934.npy,data\raw\WLASL100\videos\57934.mp4,found,True
57935,thin,thin,15,train,https://s3-us-west-1.amazonaws.com/files.startasl.com/asldictionary/thin.mp4,startasl,38,1,-1,25,data\raw\WLASL100\videos\57935,data\landmarks\wlasl100\57935.npy,data\raw\WLASL100\videos\57935.mp4,found,True
57936,thin,thin,15,train,https://signstock.blob.core.windows.net/signschool/videos/db_uploads/SignSchool%20Thin%202-aLghoMT6IhA.mp4,signschool,32,1,-1,25,data\raw\WLASL100\videos\57936,data\landmarks\wlasl100\57936.npy,data\raw\WLASL100\videos\57936.mp4,found,True
57937,thin,thin,15,train,https://signstock.blob.core.windows.net/signschool/videos/db_uploads/SignSchool%20Thin%202-cXEknONHNEc.mp4,signschool,4,1,-1,25,data\raw\WLASL100\videos\57937,data\landmarks\wlasl100\57937.npy,data\raw\WLASL100\videos\57937.mp4,found,True
57939,thin,thin,15,train,https://signstock.blob.core.windows.net/signschool/videos/db_uploads/SignSchool%20Thin-5G1gWM4HnBI.mp4,signschool,39,1,-1,25,data\raw\WLASL100\videos\57939,data\landmarks\wlasl100\57939.npy,data\raw\WLASL100\videos\57939.mp4,found,True
57940,thin,thin,15,train,https://signstock.blob.core.windows.net/signschool/videos/db_uploads/SignSchool%20Thin-85Xp1i_NN-E.mp4,signschool,6,1,-1,25,data\raw\WLASL100\videos\57940,data\landmarks\wlasl100\57940.npy,data\raw\WLASL100\videos\57940.mp4,found,True
57941,thin,thin,15,test,https://signstock.blob.core.windows.net/signschool/videos/db_uploads/SignSchool%20Thin-fTYMARYgieE.mp4,signschool,32,1,-1,25,data\raw\WLASL100\videos\57941,data\landmarks\wlasl100\57941.npy,data\raw\WLASL100\videos\57941.mp4,found,True
57942,thin,thin,15,train,https://media.asldeafined.com/vocabulary/1468944700.6887.mp4,asldeafined,13,1,-1,25,data\raw\WLASL100\videos\57942,data\landmarks\wlasl100\57942.npy,data\raw\WLASL100\videos\57942.mp4,found,True
57933,thin,thin,15,val,https://media.spreadthesign.com/video/mp4/13/50888.mp4,spreadthesign,56,1,-1,25,data\raw\WLASL100\videos\57933,data\landmarks\wlasl100\57933.npy,data\raw\WLASL100\videos\57933.mp4,found,True
57943,thin,thin,15,test,https://media.asldeafined.com/vocabulary/1546575308.9841.mp4,asldeafined,34,1,-1,25,data\raw\WLASL100\videos\57943,data\landmarks\wlasl100\57943.npy,data\raw\WLASL100\videos\57943.mp4,found,True
64275,yes,yes,19,test,https://www.youtube.com/watch?v=BRO-oYGV224,asl5200,9,105,174,25,data\raw\WLASL100\videos\64275,data\landmarks\wlasl100\64275.npy,data\raw\WLASL100\videos\64275.mp4,found,True
69546,yes,yes,19,val,http://aslbricks.org/New/ASL-Videos/yes.mp4,aslbrick,118,1,-1,25,data\raw\WLASL100\videos\69546,data\landmarks\wlasl100\69546.npy,data\raw\WLASL100\videos\69546.mp4,found,True
64287,yes,yes,19,val,https://media.asldeafined.com/vocabulary/1468774983.6377.mp4,asldeafined,13,1,-1,25,data\raw\WLASL100\videos\64287,data\landmarks\wlasl100\64287.npy,data\raw\WLASL100\videos\64287.mp4,found,True
68192,yes,yes,19,val,https://www.youtube.com/watch?v=-on_5PoBEak,valencia-asl,109,1,-1,25,data\raw\WLASL100\videos\68192,data\landmarks\wlasl100\68192.npy,data\raw\WLASL100\videos\68192.mp4,found,True
64284,yes,yes,19,train,https://signstock.blob.core.windows.net/signschool/videos/db_uploads/SignSchool%20Yes-Kg0VRsnehgQ.mp4,signschool,3,1,-1,25,data\raw\WLASL100\videos\64284,data\landmarks\wlasl100\64284.npy,data\raw\WLASL100\videos\64284.mp4,found,True
64294,yes,yes,19,train,https://www.youtube.com/watch?v=0usayvOXzHo,aslu,5,1,-1,25,data\raw\WLASL100\videos\64294,data\landmarks\wlasl100\64294.npy,data\raw\WLASL100\videos\64294.mp4,found,True
64295,yes,yes,19,train,https://www.youtube.com/watch?v=3J2KaRL9i_Q,aslu,5,1,-1,25,data\raw\WLASL100\videos\64295,data\landmarks\wlasl100\64295.npy,data\raw\WLASL100\videos\64295.mp4,found,True
64296,yes,yes,19,train,https://www.youtube.com/watch?v=gpNDuOwyW7Q,scott,47,1,-1,25,data\raw\WLASL100\videos\64296,data\landmarks\wlasl100\64296.npy,data\raw\WLASL100\videos\64296.mp4,found,True
64297,yes,yes,19,test,https://www.youtube.com/watch?v=JLNxO35tB-U,aslu,5,1,-1,25,data\raw\WLASL100\videos\64297,data\landmarks\wlasl100\64297.npy,data\raw\WLASL100\videos\64297.mp4,found,True
64280,yes,yes,19,train,https://media.spreadthesign.com/video/mp4/13/485639.mp4,spreadthesign,28,1,-1,25,data\raw\WLASL100\videos\64280,data\landmarks\wlasl100\64280.npy,data\raw\WLASL100\videos\64280.mp4,found,True
64281,yes,yes,19,train,https://s3-us-west-1.amazonaws.com/files.startasl.com/asldictionary/yes.mp4,startasl,36,1,-1,25,data\raw\WLASL100\videos\64281,data\landmarks\wlasl100\64281.npy,data\raw\WLASL100\videos\64281.mp4,found,True
64288,yes,yes,19,train,https://media.asldeafined.com/vocabulary/1522767427.6654.mp4,asldeafined,15,1,-1,25,data\raw\WLASL100\videos\64288,data\landmarks\wlasl100\64288.npy,data\raw\WLASL100\videos\64288.mp4,found,True
64283,yes,yes,19,train,https://signstock.blob.core.windows.net/signschool/videos/db_uploads/SignSchool%20Yes-IIWhF2S6saQ.mp4,signschool,4,1,-1,25,data\raw\WLASL100\videos\64283,data\landmarks\wlasl100\64283.npy,data\raw\WLASL100\videos\64283.mp4,found,True
28074,hot,hot,8,test,https://www.youtube.com/watch?v=SiBub8VD5wo,asl5200,9,2249,2285,25,data\raw\WLASL100\videos\28074,data\landmarks\wlasl100\28074.npy,data\raw\WLASL100\videos\28074.mp4,found,True
69368,hot,hot,8,val,http://aslbricks.org/New/ASL-Videos/hot.mp4,aslbrick,118,1,-1,25,data\raw\WLASL100\videos\69368,data\landmarks\wlasl100\69368.npy,data\raw\WLASL100\videos\69368.mp4,found,True
70270,hot,hot,8,val,https://www.youtube.com/watch?v=WGfiiDgrq1I,northtexas,121,4497,4596,25,data\raw\WLASL100\videos\70270,data\landmarks\wlasl100\70270.npy,data\raw\WLASL100\videos\70270.mp4,found,True
28108,hot,hot,8,train,https://s3-us-west-1.amazonaws.com/files.startasl.com/asldictionary/hot.mp4,startasl,36,1,-1,25,data\raw\WLASL100\videos\28108,data\landmarks\wlasl100\28108.npy,data\raw\WLASL100\videos\28108.mp4,found,True
28109,hot,hot,8,train,https://signstock.blob.core.windows.net/signschool/videos/db_uploads/SignSchool%20Hot-9X3bjjuKGMM.mp4,signschool,52,1,-1,25,data\raw\WLASL100\videos\28109,data\landmarks\wlasl100\28109.npy,data\raw\WLASL100\videos\28109.mp4,found,True
28110,hot,hot,8,train,https://signstock.blob.core.windows.net/signschool/videos/db_uploads/SignSchool%20Hot-QCvXMjNN4PE.mp4,signschool,6,1,-1,25,data\raw\WLASL100\videos\28110,data\landmarks\wlasl100\28110.npy,data\raw\WLASL100\videos\28110.mp4,found,True
28111,hot,hot,8,train,https://signstock.blob.core.windows.net/signschool/videos/db_uploads/SignSchool%20Hot-wy-09ieHXhM.mp4,signschool,39,1,-1,25,data\raw\WLASL100\videos\28111,data\landmarks\wlasl100\28111.npy,data\raw\WLASL100\videos\28111.mp4,found,True
28112,hot,hot,8,val,https://media.asldeafined.com/vocabulary/1468638601.9688.mp4,asldeafined,21,1,-1,25,data\raw\WLASL100\videos\28112,data\landmarks\wlasl100\28112.npy,data\raw\WLASL100\videos\28112.mp4,found,True
28107,hot,hot,8,train,https://media.spreadthesign.com/video/mp4/13/58462.mp4,spreadthesign,0,1,-1,25,data\raw\WLASL100\videos\28107,data\landmarks\wlasl100\28107.npy,data\raw\WLASL100\videos\28107.mp4,found,True
28118,hot,hot,8,train,https://www.youtube.com/watch?v=a0robonALIk,aslu,5,1,-1,25,data\raw\WLASL100\videos\28118,data\landmarks\wlasl100\28118.npy,data\raw\WLASL100\videos\28118.mp4,found,True
28119,hot,hot,8,test,https://www.youtube.com/watch?v=Eya_OdUAevw,aslu,64,1,-1,25,data\raw\WLASL100\videos\28119,data\landmarks\wlasl100\28119.npy,data\raw\WLASL100\videos\28119.mp4,found,True
28120,hot,hot,8,train,https://www.youtube.com/watch?v=Eya_OdUAevw,aslu,5,1,-1,25,data\raw\WLASL100\videos\28120,data\landmarks\wlasl100\28120.npy,data\raw\WLASL100\videos\28120.mp4,found,True
28121,hot,hot,8,test,https://www.youtube.com/watch?v=F84dU7A7jI0,aslu,5,1,-1,25,data\raw\WLASL100\videos\28121,data\landmarks\wlasl100\28121.npy,data\raw\WLASL100\videos\28121.mp4,found,True
28122,hot,hot,8,train,https://www.youtube.com/watch?v=IqCHIu9NrZs,aslu,5,1,-1,25,data\raw\WLASL100\videos\28122,data\landmarks\wlasl100\28122.npy,data\raw\WLASL100\videos\28122.mp4,found,True
69389,like,like,9,test,http://aslbricks.org/New/ASL-Videos/like.mp4,aslbrick,118,1,-1,25,data\raw\WLASL100\videos\69389,data\landmarks\wlasl100\69389.npy,data\raw\WLASL100\videos\69389.mp4,found,True
33266,like,like,9,train,https://media.spreadthesign.com/video/mp4/13/457551.mp4,spreadthesign,8,1,-1,25,data\raw\WLASL100\videos\33266,data\landmarks\wlasl100\33266.npy,data\raw\WLASL100\videos\33266.mp4,found,True
68093,like,like,9,test,https://www.youtube.com/watch?v=0qeMFifNqC4,valencia-asl,109,1,-1,25,data\raw\WLASL100\videos\68093,data\landmarks\wlasl100\68093.npy,data\raw\WLASL100\videos\68093.mp4,found,True
70299,like,like,9,train,https://www.youtube.com/watch?v=CSj7IScvZnE,northtexas,121,5546,5667,25,data\raw\WLASL100\videos\70299,data\landmarks\wlasl100\70299.npy,data\raw\WLASL100\videos\70299.mp4,found,True
33267,like,like,9,train,https://s3-us-west-1.amazonaws.com/files.startasl.com/asldictionary/like.mp4,startasl,38,1,-1,25,data\raw\WLASL100\videos\33267,data\landmarks\wlasl100\33267.npy,data\raw\WLASL100\videos\33267.mp4,found,True
33268,like,like,9,val,https://signstock.blob.core.windows.net/signschool/videos/db_uploads/SignSchool%20really%20like-7y5Ye-2-ZBs.mp4,signschool,60,1,-1,25,data\raw\WLASL100\videos\33268,data\landmarks\wlasl100\33268.npy,data\raw\WLASL100\videos\33268.mp4,found,True
33269,like,like,9,train,https://media.asldeafined.com/vocabulary/1468711783.5361.mp4,asldeafined,13,1,-1,25,data\raw\WLASL100\videos\33269,data\landmarks\wlasl100\33269.npy,data\raw\WLASL100\videos\33269.mp4,found,True
33270,like,like,9,val,https://media.asldeafined.com/vocabulary/1468711809.2438.mp4,asldeafined,13,1,-1,25,data\raw\WLASL100\videos\33270,data\landmarks\wlasl100\33270.npy,data\raw\WLASL100\videos\33270.mp4,found,True
33277,like,like,9,train,https://www.youtube.com/watch?v=qK3SqANZheA,aslu,5,1,-1,25,data\raw\WLASL100\videos\33277,data\landmarks\wlasl100\33277.npy,data\raw\WLASL100\videos\33277.mp4,found,True
33278,like,like,9,train,https://www.youtube.com/watch?v=SbXfT74yfDI,scott,82,1,-1,25,data\raw\WLASL100\videos\33278,data\landmarks\wlasl100\33278.npy,data\raw\WLASL100\videos\33278.mp4,found,True
33279,like,like,9,train,https://www.youtube.com/watch?v=vh7DN3usJgc,aslu,5,1,-1,25,data\raw\WLASL100\videos\33279,data\landmarks\wlasl100\33279.npy,data\raw\WLASL100\videos\33279.mp4,found,True
33280,like,like,9,val,https://www.youtube.com/watch?v=vh7DN3usJgc,aslu,5,1,-1,25,data\raw\WLASL100\videos\33280,data\landmarks\wlasl100\33280.npy,data\raw\WLASL100\videos\33280.mp4,found,True
33281,like,like,9,train,https://www.youtube.com/watch?v=vzUKt2pjkRI,aslu,5,1,-1,25,data\raw\WLASL100\videos\33281,data\landmarks\wlasl100\33281.npy,data\raw\WLASL100\videos\33281.mp4,found,True
33282,like,like,9,train,https://www.youtube.com/watch?v=vzUKt2pjkRI,aslu,5,1,-1,25,data\raw\WLASL100\videos\33282,data\landmarks\wlasl100\33282.npy,data\raw\WLASL100\videos\33282.mp4,found,True
36927,mother,mother,10,test,https://www.youtube.com/watch?v=IxO7unGawfk,asl5200,9,2187,2239,25,data\raw\WLASL100\videos\36927,data\landmarks\wlasl100\36927.npy,data\raw\WLASL100\videos\36927.mp4,found,True
69402,mother,mother,10,val,http://aslbricks.org/New/ASL-Videos/mother.mp4,aslbrick,116,1,-1,25,data\raw\WLASL100\videos\69402,data\landmarks\wlasl100\69402.npy,data\raw\WLASL100\videos\69402.mp4,found,True
36930,mother,mother,10,train,https://s3-us-west-1.amazonaws.com/files.startasl.com/asldictionary/mother.mp4,startasl,36,1,-1,25,data\raw\WLASL100\videos\36930,data\landmarks\wlasl100\36930.npy,data\raw\WLASL100\videos\36930.mp4,found,True
36931,mother,mother,10,train,https://signstock.blob.core.windows.net/signschool/videos/db_uploads/SignSchool%20Mother%20Wiggle-ZwJlF1W1GbE.mp4,signschool,4,1,-1,25,data\raw\WLASL100\videos\36931,data\landmarks\wlasl100\36931.npy,data\raw\WLASL100\videos\36931.mp4,found,True
36932,mother,mother,10,train,https://signstock.blob.core.windows.net/signschool/videos/SignSchool%20Mother.mp4,signschool,52,1,-1,25,data\raw\WLASL100\videos\36932,data\landmarks\wlasl100\36932.npy,data\raw\WLASL100\videos\36932.mp4,found,True
36933,mother,mother,10,train,https://media.asldeafined.com/vocabulary/1468716729.3803.mp4,asldeafined,13,1,-1,25,data\raw\WLASL100\videos\36933,data\landmarks\wlasl100\36933.npy,data\raw\WLASL100\videos\36933.mp4,found,True
36938,mother,mother,10,train,https://www.youtube.com/watch?v=4nGdzLPvoP4,aslu,5,1,-1,25,data\raw\WLASL100\videos\36938,data\landmarks\wlasl100\36938.npy,data\raw\WLASL100\videos\36938.mp4,found,True
36929,mother,mother,10,train,https://media.spreadthesign.com/video/mp4/13/48601.mp4,spreadthesign,56,1,-1,25,data\raw\WLASL100\videos\36929,data\landmarks\wlasl100\36929.npy,data\raw\WLASL100\videos\36929.mp4,found,True
36939,mother,mother,10,train,https://www.youtube.com/watch?v=8yzUd0Md_uY,aslu,5,1,-1,25,data\raw\WLASL100\videos\36939,data\landmarks\wlasl100\36939.npy,data\raw\WLASL100\videos\36939.mp4,found,True
36940,mother,mother,10,test,https://www.youtube.com/watch?v=CMElqMGZrHc,aslu,5,1,-1,25,data\raw\WLASL100\videos\36940,data\landmarks\wlasl100\36940.npy,data\raw\WLASL100\videos\36940.mp4,found,True
36941,mother,mother,10,train,https://www.youtube.com/watch?v=gmBUPfuUbzc,aslu,5,1,-1,25,data\raw\WLASL100\videos\36941,data\landmarks\wlasl100\36941.npy,data\raw\WLASL100\videos\36941.mp4,found,True
36942,mother,mother,10,train,https://www.youtube.com/watch?v=qUkCg3rtEws,aslu,5,1,-1,25,data\raw\WLASL100\videos\36942,data\landmarks\wlasl100\36942.npy,data\raw\WLASL100\videos\36942.mp4,found,True
36944,mother,mother,10,train,https://www.youtube.com/watch?v=zv4zGZ92WAY,aslu,5,1,-1,25,data\raw\WLASL100\videos\36944,data\landmarks\wlasl100\36944.npy,data\raw\WLASL100\videos\36944.mp4,found,True
40114,orange,orange,12,test,https://www.youtube.com/watch?v=K1VPkuTMpP0,asl5200,9,1181,1240,25,data\raw\WLASL100\videos\40114,data\landmarks\wlasl100\40114.npy,data\raw\WLASL100\videos\40114.mp4,found,True
69422,orange,orange,12,val,http://aslbricks.org/New/ASL-Videos/orange.mp4,aslbrick,118,1,-1,25,data\raw\WLASL100\videos\69422,data\landmarks\wlasl100\69422.npy,data\raw\WLASL100\videos\69422.mp4,found,True
70310,orange,orange,12,val,https://www.youtube.com/watch?v=pc0-gVEETVg,northtexas,121,1835,1938,25,data\raw\WLASL100\videos\70310,data\landmarks\wlasl100\70310.npy,data\raw\WLASL100\videos\70310.mp4,found,True
70249,orange,orange,12,train,https://www.youtube.com/watch?v=WprUBqi3iBc,northtexas,121,1858,1971,25,data\raw\WLASL100\videos\70249,data\landmarks\wlasl100\70249.npy,data\raw\WLASL100\videos\70249.mp4,found,True
68122,orange,orange,12,train,https://www.youtube.com/watch?v=WuwIz-vDMUc,valencia-asl,111,1,-1,25,data\raw\WLASL100\videos\68122,data\landmarks\wlasl100\68122.npy,data\raw\WLASL100\videos\68122.mp4,found,True
40115,orange,orange,12,train,https://media.spreadthesign.com/video/mp4/13/91534.mp4,spreadthesign,2,1,-1,25,data\raw\WLASL100\videos\40115,data\landmarks\wlasl100\40115.npy,data\raw\WLASL100\videos\40115.mp4,found,True
40116,orange,orange,12,train,https://s3-us-west-1.amazonaws.com/files.startasl.com/asldictionary/orange.mp4,startasl,36,1,-1,25,data\raw\WLASL100\videos\40116,data\landmarks\wlasl100\40116.npy,data\raw\WLASL100\videos\40116.mp4,found,True
40117,orange,orange,12,train,https://signstock.blob.core.windows.net/signschool/videos/db_uploads/SignSchool%20Orange-mylSeGckZJs.mp4,signschool,39,1,-1,25,data\raw\WLASL100\videos\40117,data\landmarks\wlasl100\40117.npy,data\raw\WLASL100\videos\40117.mp4,found,True
40118,orange,orange,12,val,https://media.asldeafined.com/vocabulary/1468722445.5887.mp4,asldeafined,13,1,-1,25,data\raw\WLASL100\videos\40118,data\landmarks\wlasl100\40118.npy,data\raw\WLASL100\videos\40118.mp4,found,True
40119,orange,orange,12,train,https://media.asldeafined.com/vocabulary/1468722468.1582.mp4,asldeafined,13,1,-1,25,data\raw\WLASL100\videos\40119,data\landmarks\wlasl100\40119.npy,data\raw\WLASL100\videos\40119.mp4,found,True
40122,orange,orange,12,train,https://www.youtube.com/watch?v=3VAeP_x9tFg,aslu,5,1,-1,25,data\raw\WLASL100\videos\40122,data\landmarks\wlasl100\40122.npy,data\raw\WLASL100\videos\40122.mp4,found,True
40123,orange,orange,12,train,https://www.youtube.com/watch?v=gHyJ2zdCVHw,aslu,5,1,-1,25,data\raw\WLASL100\videos\40123,data\landmarks\wlasl100\40123.npy,data\raw\WLASL100\videos\40123.mp4,found,True
40126,orange,orange,12,test,https://www.youtube.com/watch?v=V3hT7-PIJz4,scott,47,1,-1,25,data\raw\WLASL100\videos\40126,data\landmarks\wlasl100\40126.npy,data\raw\WLASL100\videos\40126.mp4,found,True
70016,hearing,hearing,7,val,https://www.youtube.com/watch?v=25ymRY7hbjs,northtexas,121,4707,4798,25,data\raw\WLASL100\videos\70016,data\landmarks\wlasl100\70016.npy,data\raw\WLASL100\videos\70016.mp4,found,True
68070,hearing,hearing,7,train,https://www.youtube.com/watch?v=x5cwBfSKnZc,valencia-asl,109,1,-1,25,data\raw\WLASL100\videos\68070,data\landmarks\wlasl100\68070.npy,data\raw\WLASL100\videos\68070.mp4,found,True
26972,hearing,hearing,7,train,https://s3-us-west-1.amazonaws.com/files.startasl.com/asldictionary/hearing.mp4,startasl,36,1,-1,25,data\raw\WLASL100\videos\26972,data\landmarks\wlasl100\26972.npy,data\raw\WLASL100\videos\26972.mp4,found,True
26973,hearing,hearing,7,train,https://signstock.blob.core.windows.net/signschool/videos/db_uploads/SignSchool%20Hearing%2C%20Public-QTXYOo6ZB8I.mp4,signschool,45,1,-1,25,data\raw\WLASL100\videos\26973,data\landmarks\wlasl100\26973.npy,data\raw\WLASL100\videos\26973.mp4,found,True
26974,hearing,hearing,7,train,https://signstock.blob.core.windows.net/signschool/videos/SignSchool%20Hearing.mp4,signschool,4,1,-1,25,data\raw\WLASL100\videos\26974,data\landmarks\wlasl100\26974.npy,data\raw\WLASL100\videos\26974.mp4,found,True
26975,hearing,hearing,7,train,https://media.asldeafined.com/vocabulary/1468580423.3306.mp4,asldeafined,21,1,-1,25,data\raw\WLASL100\videos\26975,data\landmarks\wlasl100\26975.npy,data\raw\WLASL100\videos\26975.mp4,found,True
26976,hearing,hearing,7,train,https://media.asldeafined.com/vocabulary/1522767646.1436.mp4,asldeafined,15,1,-1,25,data\raw\WLASL100\videos\26976,data\landmarks\wlasl100\26976.npy,data\raw\WLASL100\videos\26976.mp4,found,True
26971,hearing,hearing,7,train,https://media.spreadthesign.com/video/mp4/13/63539.mp4,spreadthesign,0,1,-1,25,data\raw\WLASL100\videos\26971,data\landmarks\wlasl100\26971.npy,data\raw\WLASL100\videos\26971.mp4,found,True
26982,hearing,hearing,7,val,https://www.youtube.com/watch?v=djZwwts-OiA,scott,47,1,-1,25,data\raw\WLASL100\videos\26982,data\landmarks\wlasl100\26982.npy,data\raw\WLASL100\videos\26982.mp4,found,True
26983,hearing,hearing,7,train,https://www.youtube.com/watch?v=EOUkGLfYQ7M,aslu,5,1,-1,25,data\raw\WLASL100\videos\26983,data\landmarks\wlasl100\26983.npy,data\raw\WLASL100\videos\26983.mp4,found,True
26984,hearing,hearing,7,test,https://www.youtube.com/watch?v=o8jWmf65mTQ,aslu,5,1,-1,25,data\raw\WLASL100\videos\26984,data\landmarks\wlasl100\26984.npy,data\raw\WLASL100\videos\26984.mp4,found,True
26985,hearing,hearing,7,train,https://www.youtube.com/watch?v=pm3V4SOB9gk,aslu,5,1,-1,25,data\raw\WLASL100\videos\26985,data\landmarks\wlasl100\26985.npy,data\raw\WLASL100\videos\26985.mp4,found,True
26986,hearing,hearing,7,train,https://www.youtube.com/watch?v=sMRpqyQK72c,aslu,5,1,-1,25,data\raw\WLASL100\videos\26986,data\landmarks\wlasl100\26986.npy,data\raw\WLASL100\videos\26986.mp4,found,True
55356,study,study,14,test,https://www.youtube.com/watch?v=XB3Q6IX6CBo,asl5200,9,9873,9919,25,data\raw\WLASL100\videos\55356,data\landmarks\wlasl100\55356.npy,data\raw\WLASL100\videos\55356.mp4,found,True
68162,study,study,14,train,https://www.youtube.com/watch?v=JSwDsjPxKk0,valencia-asl,109,1,-1,25,data\raw\WLASL100\videos\68162,data\landmarks\wlasl100\68162.npy,data\raw\WLASL100\videos\68162.mp4,found,True
55364,study,study,14,train,https://signstock.blob.core.windows.net/signschool/videos/db_uploads/SignSchool%20Study-Yk94i4N_5Ag.mp4,signschool,31,1,-1,25,data\raw\WLASL100\videos\55364,data\landmarks\wlasl100\55364.npy,data\raw\WLASL100\videos\55364.mp4,found,True
55365,study,study,14,train,https://media.asldeafined.com/vocabulary/1468897455.7527.mp4,asldeafined,13,1,-1,25,data\raw\WLASL100\videos\55365,data\landmarks\wlasl100\55365.npy,data\raw\WLASL100\videos\55365.mp4,found,True
55366,study,study,14,train,https://media.asldeafined.com/vocabulary/1522766622.3153.mp4,asldeafined,15,1,-1,25,data\raw\WLASL100\videos\55366,data\landmarks\wlasl100\55366.npy,data\raw\WLASL100\videos\55366.mp4,found,True
55370,study,study,14,train,https://www.youtube.com/watch?v=MI5yNdCJ7kg,aslu,5,1,-1,25,data\raw\WLASL100\videos\55370,data\landmarks\wlasl100\55370.npy,data\raw\WLASL100\videos\55370.mp4,found,True
55361,study,study,14,train,https://elementalaslconcepts.weebly.com/uploads/2/4/4/5/24454483/study.mov,elementalasl,19,1,-1,25,data\raw\WLASL100\videos\55361,data\landmarks\wlasl100\55361.npy,data\raw\WLASL100\videos\55361.mp4,found,True
55371,study,study,14,val,https://www.youtube.com/watch?v=ngmdzuRjqcA,aslu,5,1,-1,25,data\raw\WLASL100\videos\55371,data\landmarks\wlasl100\55371.npy,data\raw\WLASL100\videos\55371.mp4,found,True
55372,study,study,14,train,https://www.youtube.com/watch?v=tGm13N0s4wQ,aslu,5,1,-1,25,data\raw\WLASL100\videos\55372,data\landmarks\wlasl100\55372.npy,data\raw\WLASL100\videos\55372.mp4,found,True
55373,study,study,14,val,https://www.youtube.com/watch?v=ZRgbix3ihv0,aslu,5,1,-1,25,data\raw\WLASL100\videos\55373,data\landmarks\wlasl100\55373.npy,data\raw\WLASL100\videos\55373.mp4,found,True
55362,study,study,14,train,https://media.spreadthesign.com/video/mp4/13/50835.mp4,spreadthesign,63,1,-1,25,data\raw\WLASL100\videos\55362,data\landmarks\wlasl100\55362.npy,data\raw\WLASL100\videos\55362.mp4,found,True
55363,study,study,14,train,https://s3-us-west-1.amazonaws.com/files.startasl.com/asldictionary/study.mp4,startasl,38,1,-1,25,data\raw\WLASL100\videos\55363,data\landmarks\wlasl100\55363.npy,data\raw\WLASL100\videos\55363.mp4,found,True
63191,white,white,16,test,https://www.youtube.com/watch?v=A5dihMAjeTE,asl5200,9,2112,2158,25,data\raw\WLASL100\videos\63191,data\landmarks\wlasl100\63191.npy,data\raw\WLASL100\videos\63191.mp4,found,True
69533,white,white,16,val,http://aslbricks.org/New/ASL-Videos/white.mp4,aslbrick,118,1,-1,25,data\raw\WLASL100\videos\69533,data\landmarks\wlasl100\69533.npy,data\raw\WLASL100\videos\69533.mp4,found,True
68182,white,white,16,train,https://www.youtube.com/watch?v=TomJbyh-XVY,valencia-asl,110,1,-1,25,data\raw\WLASL100\videos\68182,data\landmarks\wlasl100\68182.npy,data\raw\WLASL100\videos\68182.mp4,found,True
70245,white,white,16,train,https://www.youtube.com/watch?v=WprUBqi3iBc,northtexas,121,1285,1384,25,data\raw\WLASL100\videos\70245,data\landmarks\wlasl100\70245.npy,data\raw\WLASL100\videos\70245.mp4,found,True
63204,white,white,16,train,https://signstock.blob.core.windows.net/signschool/videos/db_uploads/SignSchool%20White-PWGruSSI30c.mp4,signschool,6,1,-1,25,data\raw\WLASL100\videos\63204,data\landmarks\wlasl100\63204.npy,data\raw\WLASL100\videos\63204.mp4,found,True
63205,white,white,16,train,https://media.asldeafined.com/vocabulary/1468928266.3449.mp4,asldeafined,13,1,-1,25,data\raw\WLASL100\videos\63205,data\landmarks\wlasl100\63205.npy,data\raw\WLASL100\videos\63205.mp4,found,True
63200,white,white,16,train,https://media.spreadthesign.com/video/mp4/13/50906.mp4,spreadthesign,42,1,-1,25,data\raw\WLASL100\videos\63200,data\landmarks\wlasl100\63200.npy,data\raw\WLASL100\videos\63200.mp4,found,True
63210,white,white,16,train,https://www.youtube.com/watch?v=O6-OsGXF0Uw,scott,47,1,-1,25,data\raw\WLASL100\videos\63210,data\landmarks\wlasl100\63210.npy,data\raw\WLASL100\videos\63210.mp4,found,True
63211,white,white,16,val,https://www.youtube.com/watch?v=uLjkLwFvFtw,aslu,5,1,-1,25,data\raw\WLASL100\videos\63211,data\landmarks\wlasl100\63211.npy,data\raw\WLASL100\videos\63211.mp4,found,True
63212,white,white,16,train,https://www.youtube.com/watch?v=v8h6mw4zGys,aslu,5,1,-1,25,data\raw\WLASL100\videos\63212,data\landmarks\wlasl100\63212.npy,data\raw\WLASL100\videos\63212.mp4,found,True
63201,white,white,16,test,https://s3-us-west-1.amazonaws.com/files.startasl.com/asldictionary/white.mp4,startasl,36,1,-1,25,data\raw\WLASL100\videos\63201,data\landmarks\wlasl100\63201.npy,data\raw\WLASL100\videos\63201.mp4,found,True
63202,white,white,16,train,https://s3-us-west-1.amazonaws.com/files.startasl.com/asldictionary/white-person.mp4,startasl,38,1,-1,25,data\raw\WLASL100\videos\63202,data\landmarks\wlasl100\63202.npy,data\raw\WLASL100\videos\63202.mp4,found,True
63203,white,white,16,train,https://signstock.blob.core.windows.net/signschool/videos/db_uploads/SignSchool%20White-75OHf34DQXk.mp4,signschool,6,1,-1,25,data\raw\WLASL100\videos\63203,data\landmarks\wlasl100\63203.npy,data\raw\WLASL100\videos\63203.mp4,found,True
64082,wrong,wrong,18,test,https://www.youtube.com/watch?v=A5dihMAjeTE,asl5200,9,4173,4232,25,data\raw\WLASL100\videos\64082,data\landmarks\wlasl100\64082.npy,data\raw\WLASL100\videos\64082.mp4,found,True
68189,wrong,wrong,18,val,https://www.youtube.com/watch?v=BNOGQec2v8M,valencia-asl,110,1,-1,25,data\raw\WLASL100\videos\68189,data\landmarks\wlasl100\68189.npy,data\raw\WLASL100\videos\68189.mp4,found,True
70296,wrong,wrong,18,train,https://www.youtube.com/watch?v=CSj7IScvZnE,northtexas,121,4359,4470,25,data\raw\WLASL100\videos\70296,data\landmarks\wlasl100\70296.npy,data\raw\WLASL100\videos\70296.mp4,found,True
70132,wrong,wrong,18,train,https://www.youtube.com/watch?v=VwejDy96MzM,northtexas,121,1683,1814,25,data\raw\WLASL100\videos\70132,data\landmarks\wlasl100\70132.npy,data\raw\WLASL100\videos\70132.mp4,found,True
64087,wrong,wrong,18,train,https://media.asldeafined.com/vocabulary/1468929417.3806.mp4,asldeafined,13,1,-1,25,data\raw\WLASL100\videos\64087,data\landmarks\wlasl100\64087.npy,data\raw\WLASL100\videos\64087.mp4,found,True
64088,wrong,wrong,18,train,https://media.asldeafined.com/vocabulary/1522768333.3729.mp4,asldeafined,15,1,-1,25,data\raw\WLASL100\videos\64088,data\landmarks\wlasl100\64088.npy,data\raw\WLASL100\videos\64088.mp4,found,True
64092,wrong,wrong,18,train,https://www.youtube.com/watch?v=GLAPZdS-gpU,aslu,5,1,-1,25,data\raw\WLASL100\videos\64092,data\landmarks\wlasl100\64092.npy,data\raw\WLASL100\videos\64092.mp4,found,True
64093,wrong,wrong,18,train,https://www.youtube.com/watch?v=JI7l0z8hEKY,aslu,5,1,-1,25,data\raw\WLASL100\videos\64093,data\landmarks\wlasl100\64093.npy,data\raw\WLASL100\videos\64093.mp4,found,True
64084,wrong,wrong,18,train,https://media.spreadthesign.com/video/mp4/13/51102.mp4,spreadthesign,42,1,-1,25,data\raw\WLASL100\videos\64084,data\landmarks\wlasl100\64084.npy,data\raw\WLASL100\videos\64084.mp4,found,True
64094,wrong,wrong,18,train,https://www.youtube.com/watch?v=UQakVMOT350,aslu,5,1,-1,25,data\raw\WLASL100\videos\64094,data\landmarks\wlasl100\64094.npy,data\raw\WLASL100\videos\64094.mp4,found,True
64095,wrong,wrong,18,val,https://www.youtube.com/watch?v=xt3jJMKpCqY,aslu,5,1,-1,25,data\raw\WLASL100\videos\64095,data\landmarks\wlasl100\64095.npy,data\raw\WLASL100\videos\64095.mp4,found,True
64085,wrong,wrong,18,train,https://s3-us-west-1.amazonaws.com/files.startasl.com/asldictionary/wrong.mp4,startasl,38,1,-1,25,data\raw\WLASL100\videos\64085,data\landmarks\wlasl100\64085.npy,data\raw\WLASL100\videos\64085.mp4,found,True
64086,wrong,wrong,18,train,https://signstock.blob.core.windows.net/signschool/videos/db_uploads/SignSchool%20I%20Was%20Wrong%2C%20I%20Was%20Mistaken-ija9q46y1EA.mp4,signschool,6,1,-1,25,data\raw\WLASL100\videos\64086,data\landmarks\wlasl100\64086.npy,data\raw\WLASL100\videos\64086.mp4,found,True
11752,color,color,2,test,https://www.youtube.com/watch?v=PPmQd2zWdP0,asl5200,9,4298,4360,25,data\raw\WLASL100\videos\11752,data\landmarks\wlasl100\11752.npy,data\raw\WLASL100\videos\11752.mp4,found,True
69274,color,color,2,val,http://aslbricks.org/New/ASL-Videos/color.mp4,aslbrick,116,1,-1,25,data\raw\WLASL100\videos\69274,data\landmarks\wlasl100\69274.npy,data\raw\WLASL100\videos\69274.mp4,found,True
68027,color,color,2,train,https://www.youtube.com/watch?v=MslyAd8WAwU,valencia-asl,111,1,-1,25,data\raw\WLASL100\videos\68027,data\landmarks\wlasl100\68027.npy,data\raw\WLASL100\videos\68027.mp4,found,True
11774,color,color,2,train,https://www.youtube.com/watch?v=KaNDm5Xvkzs,aslu,64,1,-1,25,data\raw\WLASL100\videos\11774,data\landmarks\wlasl100\11774.npy,data\raw\WLASL100\videos\11774.mp4,found,True
11775,color,color,2,train,https://www.youtube.com/watch?v=KaNDm5Xvkzs,aslu,5,1,-1,25,data\raw\WLASL100\videos\11775,data\landmarks\wlasl100\11775.npy,data\raw\WLASL100\videos\11775.mp4,found,True
11776,color,color,2,train,https://www.youtube.com/watch?v=-kKuV4iM_NQ,aslu,5,1,-1,25,data\raw\WLASL100\videos\11776,data\landmarks\wlasl100\11776.npy,data\raw\WLASL100\videos\11776.mp4,found,True
11767,color,color,2,train,https://s3-us-west-1.amazonaws.com/files.startasl.com/asldictionary/color.mp4,startasl,36,1,-1,25,data\raw\WLASL100\videos\11767,data\landmarks\wlasl100\11767.npy,data\raw\WLASL100\videos\11767.mp4,found,True
11777,color,color,2,train,https://www.youtube.com/watch?v=MIUuj3MCRs8,scott,47,1,-1,25,data\raw\WLASL100\videos\11777,data\landmarks\wlasl100\11777.npy,data\raw\WLASL100\videos\11777.mp4,found,True
11778,color,color,2,val,https://www.youtube.com/watch?v=R0MW-QKaqeQ,aslu,5,1,-1,25,data\raw\WLASL100\videos\11778,data\landmarks\wlasl100\11778.npy,data\raw\WLASL100\videos\11778.mp4,found,True
11768,color,color,2,train,https://s3-us-west-1.amazonaws.com/files.startasl.com/asldictionary/colors.mp4,startasl,38,1,-1,25,data\raw\WLASL100\videos\11768,data\landmarks\wlasl100\11768.npy,data\raw\WLASL100\videos\11768.mp4,found,True
11769,color,color,2,train,https://signstock.blob.core.windows.net/signschool/videos/db_uploads/SignSchool%20Color-fdBoYowmVQ8.mp4,signschool,4,1,-1,25,data\raw\WLASL100\videos\11769,data\landmarks\wlasl100\11769.npy,data\raw\WLASL100\videos\11769.mp4,found,True
11770,color,color,2,train,https://media.asldeafined.com/vocabulary/1466899941.6976.mp4,asldeafined,59,1,-1,25,data\raw\WLASL100\videos\11770,data\landmarks\wlasl100\11770.npy,data\raw\WLASL100\videos\11770.mp4,found,True
68053,forget,forget,6,val,https://www.youtube.com/watch?v=l_aBsu7kVqI,valencia-asl,109,1,-1,25,data\raw\WLASL100\videos\68053,data\landmarks\wlasl100\68053.npy,data\raw\WLASL100\videos\68053.mp4,found,True
68054,forget,forget,6,train,https://www.youtube.com/watch?v=TxfYzcnSl-o,valencia-asl,110,1,-1,25,data\raw\WLASL100\videos\68054,data\landmarks\wlasl100\68054.npy,data\raw\WLASL100\videos\68054.mp4,found,True
70376,forget,forget,6,train,https://www.youtube.com/watch?v=Z25ng9maolE,northtexas,121,4255,4351,25,data\raw\WLASL100\videos\70376,data\landmarks\wlasl100\70376.npy,data\raw\WLASL100\videos\70376.mp4,found,True
22954,forget,forget,6,test,https://signstock.blob.core.windows.net/signschool/videos/db_uploads/SignSchool%20Forget-5pgZiT-vz60.mp4,signschool,4,1,-1,25,data\raw\WLASL100\videos\22954,data\landmarks\wlasl100\22954.npy,data\raw\WLASL100\videos\22954.mp4,found,True
22955,forget,forget,6,train,https://media.asldeafined.com/vocabulary/1468513470.6049.mp4,asldeafined,21,1,-1,25,data\raw\WLASL100\videos\22955,data\landmarks\wlasl100\22955.npy,data\raw\WLASL100\videos\22955.mp4,found,True
22961,forget,forget,6,train,https://www.youtube.com/watch?v=1vXrp5awuHc,aslu,5,1,-1,25,data\raw\WLASL100\videos\22961,data\landmarks\wlasl100\22961.npy,data\raw\WLASL100\videos\22961.mp4,found,True
22962,forget,forget,6,val,https://www.youtube.com/watch?v=fCzxDWv0jbo,aslu,5,1,-1,25,data\raw\WLASL100\videos\22962,data\landmarks\wlasl100\22962.npy,data\raw\WLASL100\videos\22962.mp4,found,True
22963,forget,forget,6,train,https://www.youtube.com/watch?v=N18WPFcphhs,aslu,5,1,-1,25,data\raw\WLASL100\videos\22963,data\landmarks\wlasl100\22963.npy,data\raw\WLASL100\videos\22963.mp4,found,True
22964,forget,forget,6,val,https://www.youtube.com/watch?v=qSzyQByTFps,aslu,5,1,-1,25,data\raw\WLASL100\videos\22964,data\landmarks\wlasl100\22964.npy,data\raw\WLASL100\videos\22964.mp4,found,True
22965,forget,forget,6,train,https://www.youtube.com/watch?v=TVFEnWVgoII,aslu,5,1,-1,25,data\raw\WLASL100\videos\22965,data\landmarks\wlasl100\22965.npy,data\raw\WLASL100\videos\22965.mp4,found,True
22952,forget,forget,6,train,https://s3-us-west-1.amazonaws.com/files.startasl.com/asldictionary/forgot2.mp4,startasl,38,1,-1,25,data\raw\WLASL100\videos\22952,data\landmarks\wlasl100\22952.npy,data\raw\WLASL100\videos\22952.mp4,found,True
22953,forget,forget,6,train,https://signstock.blob.core.windows.net/signschool/videos/db_uploads/SignSchool%20Forget%202-cIPsq4HrhFc.mp4,signschool,4,1,-1,25,data\raw\WLASL100\videos\22953,data\landmarks\wlasl100\22953.npy,data\raw\WLASL100\videos\22953.mp4,found,True
41008,paper,paper,13,test,https://www.youtube.com/watch?v=zHd4YEFzpwE,asl5200,9,247,296,25,data\raw\WLASL100\videos\41008,data\landmarks\wlasl100\41008.npy,data\raw\WLASL100\videos\41008.mp4,found,True
70211,paper,paper,13,train,https://www.youtube.com/watch?v=hjS0dQDgbjo,northtexas,121,2006,2106,25,data\raw\WLASL100\videos\70211,data\landmarks\wlasl100\70211.npy,data\raw\WLASL100\videos\70211.mp4,found,True
68127,paper,paper,13,train,https://www.youtube.com/watch?v=LXLQyvK23hc,valencia-asl,110,1,-1,25,data\raw\WLASL100\videos\68127,data\landmarks\wlasl100\68127.npy,data\raw\WLASL100\videos\68127.mp4,found,True
41030,paper,paper,13,train,https://media.asldeafined.com/vocabulary/1522767936.333.mp4,asldeafined,15,1,-1,25,data\raw\WLASL100\videos\41030,data\landmarks\wlasl100\41030.npy,data\raw\WLASL100\videos\41030.mp4,found,True
41033,paper,paper,13,train,https://www.youtube.com/watch?v=zNSQm23fGzI,aslu,5,1,-1,25,data\raw\WLASL100\videos\41033,data\landmarks\wlasl100\41033.npy,data\raw\WLASL100\videos\41033.mp4,found,True
41034,paper,paper,13,val,https://www.youtube.com/watch?v=zNSQm23fGzI,aslu,5,1,-1,25,data\raw\WLASL100\videos\41034,data\landmarks\wlasl100\41034.npy,data\raw\WLASL100\videos\41034.mp4,found,True
41025,paper,paper,13,train,https://media.spreadthesign.com/video/mp4/13/49171.mp4,spreadthesign,56,1,-1,25,data\raw\WLASL100\videos\41025,data\landmarks\wlasl100\41025.npy,data\raw\WLASL100\videos\41025.mp4,found,True
41035,paper,paper,13,train,https://www.youtube.com/watch?v=ZrdOYM36B9I,aslu,5,1,-1,25,data\raw\WLASL100\videos\41035,data\landmarks\wlasl100\41035.npy,data\raw\WLASL100\videos\41035.mp4,found,True
41026,paper,paper,13,train,https://s3-us-west-1.amazonaws.com/files.startasl.com/asldictionary/paper.mp4,startasl,36,1,-1,25,data\raw\WLASL100\videos\41026,data\landmarks\wlasl100\41026.npy,data\raw\WLASL100\videos\41026.mp4,found,True
41027,paper,paper,13,val,https://signstock.blob.core.windows.net/signschool/videos/db_uploads/SignSchool%20Paper%202-wnfSW4-iXHY.mp4,signschool,31,1,-1,25,data\raw\WLASL100\videos\41027,data\landmarks\wlasl100\41027.npy,data\raw\WLASL100\videos\41027.mp4,found,True
41028,paper,paper,13,train,https://signstock.blob.core.windows.net/signschool/videos/SignSchool%20Paper.mp4,signschool,31,1,-1,25,data\raw\WLASL100\videos\41028,data\landmarks\wlasl100\41028.npy,data\raw\WLASL100\videos\41028.mp4,found,True
41029,paper,paper,13,train,https://media.asldeafined.com/vocabulary/1468723544.417.mp4,asldeafined,13,1,-1,25,data\raw\WLASL100\videos\41029,data\landmarks\wlasl100\41029.npy,data\raw\WLASL100\videos\41029.mp4,found,True
