video_id,gloss,label,label_id,split,url,source,signer_id,frame_start,frame_end,fps,expected_video_stem,landmark_path,resolved_video_path,download_status,has_landmarks,landmark_exists,landmark_shape,valid_frame_ratio,left_hand_ratio,right_hand_ratio,two_hand_ratio,movement_score,quality_score,quality_good,quality_reason
69302,drink,drink,7,val,http://aslbricks.org/New/ASL-Videos/drink.mp4,aslbrick,115,1,-1,25,data\raw\WLASL500\videos\69302,data\landmarks\wlasl500\69302.npy,data\raw\WLASL500\videos\69302.mp4,found,True,True,64x126,0.65625,0.65625,0.0,0.0,0.0051967445760965,0.5708043614402414,True,ok
17725,drink,drink,7,train,https://www.youtube.com/watch?v=537MWOtCl78,aslu,5,1,-1,25,data\raw\WLASL500\videos\17725,data\landmarks\wlasl500\17725.npy,data\raw\WLASL500\videos\17725.mp4,found,True,True,64x126,0.65625,0.65625,0.03125,0.03125,0.0226949136704206,0.6109375000000001,True,ok
17728,drink,drink,7,train,https://www.youtube.com/watch?v=g3rl9_LYqzI,aslu,5,1,-1,25,data\raw\WLASL500\videos\17728,data\landmarks\wlasl500\17728.npy,data\raw\WLASL500\videos\17728.mp4,found,True,True,64x126,0.71875,0.71875,0.171875,0.171875,0.0502306893467903,0.6781250000000001,True,ok
17729,drink,drink,7,train,https://www.youtube.com/watch?v=i0opsQ2zB1Q,aslu,5,1,-1,25,data\raw\WLASL500\videos\17729,data\landmarks\wlasl500\17729.npy,data\raw\WLASL500\videos\17729.mp4,found,True,True,64x126,0.640625,0.640625,0.0,0.0,0.0072673079557716,0.5626995198894292,True,ok
17730,drink,drink,7,test,https://www.youtube.com/watch?v=k6cNmM9WgUs,aslu,5,1,-1,25,data\raw\WLASL500\videos\17730,data\landmarks\wlasl500\17730.npy,data\raw\WLASL500\videos\17730.mp4,found,True,True,64x126,0.625,0.625,0.0,0.0,0.0139370458200573,0.5660926145501435,True,ok
17731,drink,drink,7,train,https://www.youtube.com/watch?v=LqJM7wcUixQ,aslu,5,1,-1,25,data\raw\WLASL500\videos\17731,data\landmarks\wlasl500\17731.npy,data\raw\WLASL500\videos\17731.mp4,found,True,True,64x126,0.65625,0.65625,0.015625,0.015625,0.0173823162913322,0.6028307907283307,True,ok
17712,drink,drink,7,train,https://signstock.blob.core.windows.net/signschool/videos/db_uploads/SignSchool%20Drink-L6hHRIQzWBo.mp4,signschool,6,1,-1,25,data\raw\WLASL500\videos\17712,data\landmarks\wlasl500\17712.npy,data\raw\WLASL500\videos\17712.mp4,found,True,True,64x126,0.65625,0.65625,0.015625,0.015625,0.0112233310937881,0.5874333277344704,True,ok
12306,computer,computer,5,test,https://www.youtube.com/watch?v=PPmQd2zWdP0,asl5200,9,5122,5181,25,data\raw\WLASL500\videos\12306,data\landmarks\wlasl500\12306.npy,data\raw\WLASL500\videos\12306.mp4,found,True,True,64x126,0.875,0.875,0.1875,0.1875,0.1157626211643219,0.8125000000000001,True,ok
12331,computer,computer,5,train,https://www.youtube.com/watch?v=fY11M3Dxxx0,aslu,5,1,-1,25,data\raw\WLASL500\videos\12331,data\landmarks\wlasl500\12331.npy,data\raw\WLASL500\videos\12331.mp4,found,True,True,64x126,0.671875,0.671875,0.53125,0.53125,0.0441381745040416,0.67421875,True,ok
12314,computer,computer,5,train,https://signstock.blob.core.windows.net/signschool/videos/db_uploads/Computer%203-ZIm7kG5ie_M.mp4,signschool,4,1,-1,25,data\raw\WLASL500\videos\12314,data\landmarks\wlasl500\12314.npy,data\raw\WLASL500\videos\12314.mp4,found,True,True,64x126,0.859375,0.859375,0.578125,0.578125,0.0490855053067207,0.8382812500000001,True,ok
12315,computer,computer,5,val,https://signstock.blob.core.windows.net/signschool/videos/db_uploads/Computer%205-wOn7bu44o4s.mp4,signschool,4,1,-1,25,data\raw\WLASL500\videos\12315,data\landmarks\wlasl500\12315.npy,data\raw\WLASL500\videos\12315.mp4,found,True,True,64x126,0.84375,0.84375,0.796875,0.796875,0.0314646959304809,0.8468750000000002,True,ok
12316,computer,computer,5,train,https://signstock.blob.core.windows.net/signschool/videos/db_uploads/SignSchool%20Computer%201-_2YnCKHJy6U.mp4,signschool,4,1,-1,25,data\raw\WLASL500\videos\12316,data\landmarks\wlasl500\12316.npy,data\raw\WLASL500\videos\12316.mp4,found,True,True,64x126,0.71875,0.71875,0.03125,0.03125,0.0145422182977199,0.6504180457443,True,ok
12317,computer,computer,5,train,https://signstock.blob.core.windows.net/signschool/videos/db_uploads/SignSchool%20Computer%202-_HHzYqXw-xU.mp4,signschool,4,1,-1,25,data\raw\WLASL500\videos\12317,data\landmarks\wlasl500\12317.npy,data\raw\WLASL500\videos\12317.mp4,found,True,True,64x126,0.796875,0.796875,0.03125,0.03125,0.0148209696635603,0.717521174158901,True,ok
12318,computer,computer,5,train,https://signstock.blob.core.windows.net/signschool/videos/db_uploads/SignSchool%20Computer%204-1f6Cc5NXBgw.mp4,signschool,4,1,-1,25,data\raw\WLASL500\videos\12318,data\landmarks\wlasl500\12318.npy,data\raw\WLASL500\videos\12318.mp4,found,True,True,64x126,0.859375,0.859375,0.640625,0.640625,0.0231738798320293,0.8445312500000001,True,ok
12319,computer,computer,5,train,https://signstock.blob.core.windows.net/signschool/videos/db_uploads/SignSchool%20Republic%20of%20Congo-b6U1CIWIPIw.mp4,signschool,45,1,-1,25,data\raw\WLASL500\videos\12319,data\landmarks\wlasl500\12319.npy,data\raw\WLASL500\videos\12319.mp4,found,True,True,64x126,0.671875,0.671875,0.0,0.0,0.0023955751676112,0.5770826879190281,True,ok
38482,no,no,14,test,https://www.youtube.com/watch?v=1_jXxjd0lKE,asl5200,9,1318,1397,25,data\raw\WLASL500\videos\38482,data\landmarks\wlasl500\38482.npy,data\raw\WLASL500\videos\38482.mp4,found,True,True,64x126,0.90625,0.90625,0.140625,0.140625,0.0750689506530761,0.8343750000000001,True,ok
69411,no,no,14,val,http://aslbricks.org/New/ASL-Videos/no.mp4,aslbrick,118,1,-1,25,data\raw\WLASL500\videos\69411,data\landmarks\wlasl500\69411.npy,data\raw\WLASL500\videos\69411.mp4,found,True,True,64x126,0.640625,0.640625,0.015625,0.015625,0.0156215392053127,0.5851475980132819,True,ok
68110,no,no,14,val,https://www.youtube.com/watch?v=BqmquW0f1ok,valencia-asl,109,1,-1,25,data\raw\WLASL500\videos\68110,data\landmarks\wlasl500\68110.npy,data\raw\WLASL500\videos\68110.mp4,found,True,True,64x126,0.71875,0.71875,0.03125,0.03125,0.0236757528036832,0.6640625000000001,True,ok
38540,no,no,14,train,https://www.youtube.com/watch?v=pkzfT9cYvH0,aslu,5,1,-1,25,data\raw\WLASL500\videos\38540,data\landmarks\wlasl500\38540.npy,data\raw\WLASL500\videos\38540.mp4,found,True,True,64x126,0.6875,0.6875,0.0,0.0,0.0057146362960338,0.5986615907400847,True,ok
38529,no,no,14,train,https://media.asldeafined.com/vocabulary/1468719269.5533.mp4,asldeafined,13,1,-1,25,data\raw\WLASL500\videos\38529,data\landmarks\wlasl500\38529.npy,data\raw\WLASL500\videos\38529.mp4,found,True,True,64x126,0.6875,0.6875,0.0,0.0,0.004755790811032,0.5962644770275802,True,ok
38530,no,no,14,train,https://media.asldeafined.com/vocabulary/1522767129.7038.mp4,asldeafined,15,1,-1,25,data\raw\WLASL500\videos\38530,data\landmarks\wlasl500\38530.npy,data\raw\WLASL500\videos\38530.mp4,found,True,True,64x126,0.8125,0.8125,0.046875,0.046875,0.0237070117145776,0.7453125,True,ok
38538,no,no,14,train,https://www.youtube.com/watch?v=mskmnqYYsGw,aslu,5,1,-1,25,data\raw\WLASL500\videos\38538,data\landmarks\wlasl500\38538.npy,data\raw\WLASL500\videos\38538.mp4,found,True,True,64x126,0.609375,0.609375,0.5625,0.5625,0.0348376184701919,0.6242187500000002,True,ok
1912,all,all,1,val,https://www.youtube.com/watch?v=jPn0FQxkdBc,asl5200,9,1679,1728,25,data\raw\WLASL500\videos\01912,data\landmarks\wlasl500\01912.npy,data\raw\WLASL500\videos\01912.mp4,found,True,True,64x126,0.828125,0.828125,0.234375,0.234375,0.1013596355915069,0.7773437500000001,True,ok
69206,all,all,1,train,http://aslbricks.org/New/ASL-Videos/all.mp4,aslbrick,115,1,-1,25,data\raw\WLASL500\videos\69206,data\landmarks\wlasl500\69206.npy,data\raw\WLASL500\videos\69206.mp4,found,True,True,64x126,0.609375,0.609375,0.46875,0.46875,0.0302995070815086,0.6148437500000001,True,ok
68001,all,all,1,val,https://www.youtube.com/watch?v=Gmj2_uVjhqI,valencia-asl,109,1,-1,25,data\raw\WLASL500\videos\68001,data\landmarks\wlasl500\68001.npy,data\raw\WLASL500\videos\68001.mp4,found,True,True,64x126,0.65625,0.65625,0.0,0.0,0.0086821531876921,0.5795178829692305,True,ok
1988,all,all,1,train,https://media.asldeafined.com/vocabulary/1466172884.2656.mp4,asldeafined,13,1,-1,25,data\raw\WLASL500\videos\01988,data\landmarks\wlasl500\01988.npy,data\raw\WLASL500\videos\01988.mp4,found,True,True,64x126,0.6875,0.6875,0.59375,0.59375,0.0331700295209884,0.6937500000000001,True,ok
1995,all,all,1,train,https://www.youtube.com/watch?v=0DgYClc0e-E,aslu,5,1,-1,25,data\raw\WLASL500\videos\01995,data\landmarks\wlasl500\01995.npy,data\raw\WLASL500\videos\01995.mp4,found,True,True,64x126,0.625,0.625,0.390625,0.390625,0.0582379736006259,0.6203125,True,ok
1996,all,all,1,test,https://www.youtube.com/watch?v=BEfH2a6OfRA,aslu,5,1,-1,25,data\raw\WLASL500\videos\01996,data\landmarks\wlasl500\01996.npy,data\raw\WLASL500\videos\01996.mp4,found,True,True,64x126,0.640625,0.640625,0.46875,0.46875,0.0359453223645687,0.6414062500000001,True,ok
1997,all,all,1,val,https://www.youtube.com/watch?v=fE1BI5KxKJM,aslu,5,1,-1,25,data\raw\WLASL500\videos\01997,data\landmarks\wlasl500\01997.npy,data\raw\WLASL500\videos\01997.mp4,found,True,True,64x126,0.640625,0.640625,0.046875,0.046875,0.0303191021084785,0.59921875,True,ok
34822,many,many,11,test,https://www.youtube.com/watch?v=IxO7unGawfk,asl5200,9,461,517,25,data\raw\WLASL500\videos\34822,data\landmarks\wlasl500\34822.npy,data\raw\WLASL500\videos\34822.mp4,found,True,True,64x126,0.921875,0.921875,0.171875,0.171875,0.0914375036954879,0.8507812500000002,True,ok
69396,many,many,11,val,http://aslbricks.org/New/ASL-Videos/many.mp4,aslbrick,118,1,-1,25,data\raw\WLASL500\videos\69396,data\landmarks\wlasl500\69396.npy,data\raw\WLASL500\videos\69396.mp4,found,True,True,64x126,0.765625,0.765625,0.578125,0.578125,0.032998964190483,0.7585937500000002,True,ok
34825,many,many,11,train,https://signstock.blob.core.windows.net/signschool/videos/db_uploads/SignSchool%20Many%202-j0vvJVAAcBs.mp4,signschool,6,1,-1,25,data\raw\WLASL500\videos\34825,data\landmarks\wlasl500\34825.npy,data\raw\WLASL500\videos\34825.mp4,found,True,True,64x126,0.609375,0.609375,0.421875,0.421875,0.0375466905534267,0.6101562500000002,True,ok
34827,many,many,11,train,https://media.asldeafined.com/vocabulary/1468713681.2568.mp4,asldeafined,13,1,-1,25,data\raw\WLASL500\videos\34827,data\landmarks\wlasl500\34827.npy,data\raw\WLASL500\videos\34827.mp4,found,True,True,64x126,0.671875,0.671875,0.65625,0.65625,0.0180620439350605,0.6818738598376513,True,ok
34834,many,many,11,test,https://www.youtube.com/watch?v=7O2mS0Kz4CA,aslu,5,1,-1,25,data\raw\WLASL500\videos\34834,data\landmarks\wlasl500\34834.npy,data\raw\WLASL500\videos\34834.mp4,found,True,True,64x126,0.71875,0.71875,0.5625,0.5625,0.0361184142529964,0.7171875000000001,True,ok
34835,many,many,11,train,https://www.youtube.com/watch?v=KBk8p5Xv2ow,aslu,5,1,-1,25,data\raw\WLASL500\videos\34835,data\landmarks\wlasl500\34835.npy,data\raw\WLASL500\videos\34835.mp4,found,True,True,64x126,0.609375,0.609375,0.5625,0.5625,0.0221170131117105,0.6242187500000002,True,ok
34836,many,many,11,test,https://www.youtube.com/watch?v=Ku9SWR4uSUI,aslu,5,1,-1,25,data\raw\WLASL500\videos\34836,data\landmarks\wlasl500\34836.npy,data\raw\WLASL500\videos\34836.mp4,found,True,True,64x126,0.71875,0.71875,0.625,0.625,0.0436318330466747,0.7234375000000001,True,ok
32146,language,language,10,train,https://www.youtube.com/watch?v=EhkIoTNxwGE,asl5200,9,98,124,25,data\raw\WLASL500\videos\32146,data\landmarks\wlasl500\32146.npy,data\raw\WLASL500\videos\32146.mp4,found,True,True,64x126,0.9375,0.9375,0.171875,0.171875,0.0782280564308166,0.8640625000000001,True,ok
68084,language,language,10,train,https://www.youtube.com/watch?v=IRuaSHyrm6o,valencia-asl,111,1,-1,25,data\raw\WLASL500\videos\68084,data\landmarks\wlasl500\68084.npy,data\raw\WLASL500\videos\68084.mp4,found,True,True,64x126,0.703125,0.703125,0.578125,0.578125,0.0562326461076736,0.7054687500000001,True,ok
32156,language,language,10,val,https://signstock.blob.core.windows.net/signschool/videos/db_uploads/SignSchool%20Language%203-3MX4tSI4zV0.mp4,signschool,4,1,-1,25,data\raw\WLASL500\videos\32156,data\landmarks\wlasl500\32156.npy,data\raw\WLASL500\videos\32156.mp4,found,True,True,64x126,0.640625,0.640625,0.390625,0.390625,0.0813076049089431,0.6335937500000001,True,ok
32157,language,language,10,test,https://signstock.blob.core.windows.net/signschool/videos/db_uploads/SignSchool%20Language%204-a0lbU50n0wI.mp4,signschool,4,1,-1,25,data\raw\WLASL500\videos\32157,data\landmarks\wlasl500\32157.npy,data\raw\WLASL500\videos\32157.mp4,found,True,True,64x126,0.765625,0.765625,0.453125,0.453125,0.0932044982910156,0.7460937500000001,True,ok
32160,language,language,10,train,https://media.asldeafined.com/vocabulary/1468671247.1222.mp4,asldeafined,13,1,-1,25,data\raw\WLASL500\videos\32160,data\landmarks\wlasl500\32160.npy,data\raw\WLASL500\videos\32160.mp4,found,True,True,64x126,0.625,0.625,0.4375,0.4375,0.0971290543675422,0.625,True,ok
32154,language,language,10,val,https://media.spreadthesign.com/video/mp4/13/457488.mp4,spreadthesign,8,1,-1,25,data\raw\WLASL500\videos\32154,data\landmarks\wlasl500\32154.npy,data\raw\WLASL500\videos\32154.mp4,found,True,True,64x126,0.65625,0.65625,0.515625,0.515625,0.0610321201384067,0.659375,True,ok
32164,language,language,10,train,https://www.youtube.com/watch?v=O8XiLkrSx48,aslu,5,1,-1,25,data\raw\WLASL500\videos\32164,data\landmarks\wlasl500\32164.npy,data\raw\WLASL500\videos\32164.mp4,found,True,True,64x126,0.671875,0.671875,0.375,0.375,0.117918811738491,0.65859375,True,ok
32155,language,language,10,train,https://signstock.blob.core.windows.net/signschool/videos/db_uploads/SignSchool%20Language%202-e7ngY2s5d-w.mp4,signschool,4,1,-1,25,data\raw\WLASL500\videos\32155,data\landmarks\wlasl500\32155.npy,data\raw\WLASL500\videos\32155.mp4,found,True,True,64x126,0.625,0.625,0.4375,0.4375,0.0792733132839202,0.625,True,ok
618,accident,accident,0,train,https://www.youtube.com/watch?v=jPn0FQxkdBc,asl5200,9,374,400,25,data\raw\WLASL500\videos\00618,data\landmarks\wlasl500\00618.npy,data\raw\WLASL500\videos\00618.mp4,found,True,True,64x126,0.828125,0.828125,0.234375,0.234375,0.1013596355915069,0.7773437500000001,True,ok
625,accident,accident,0,test,https://signstock.blob.core.windows.net/signschool/videos/db_uploads/SignSchool%20Accident%2C%20Accidentally-0F9FseAyJb4.mp4,signschool,6,1,-1,25,data\raw\WLASL500\videos\00625,data\landmarks\wlasl500\00625.npy,data\raw\WLASL500\videos\00625.mp4,found,True,True,64x126,0.625,0.625,0.0,0.0,0.0032830375712364,0.5394575939280912,True,ok
626,accident,accident,0,val,https://signstock.blob.core.windows.net/signschool/videos/db_uploads/SignSchool%20Car%20Accident-lEGmzocv1g4.mp4,signschool,32,1,-1,25,data\raw\WLASL500\videos\00626,data\landmarks\wlasl500\00626.npy,data\raw\WLASL500\videos\00626.mp4,found,True,True,64x126,0.71875,0.71875,0.59375,0.59375,0.0182747598737478,0.7159993996843695,True,ok
627,accident,accident,0,val,https://signstock.blob.core.windows.net/signschool/videos/db_uploads/SignSchool%20Oops%2C%20Accident%202-QRE4kaRRdnQ.mp4,signschool,6,1,-1,25,data\raw\WLASL500\videos\00627,data\landmarks\wlasl500\00627.npy,data\raw\WLASL500\videos\00627.mp4,found,True,True,64x126,0.65625,0.65625,0.0,0.0,0.0026978072710335,0.5645570181775839,True,ok
628,accident,accident,0,train,https://signstock.blob.core.windows.net/signschool/videos/db_uploads/SignSchool%20Oops%2C%20Accident-CUc50MMnZ1g.mp4,signschool,6,1,-1,25,data\raw\WLASL500\videos\00628,data\landmarks\wlasl500\00628.npy,data\raw\WLASL500\videos\00628.mp4,found,True,True,64x126,0.609375,0.609375,0.015625,0.015625,0.0112249869853258,0.5475937174633146,True,ok
629,accident,accident,0,train,https://media.asldeafined.com/vocabulary/1466168079.5866.mp4,asldeafined,13,1,-1,25,data\raw\WLASL500\videos\00629,data\landmarks\wlasl500\00629.npy,data\raw\WLASL500\videos\00629.mp4,found,True,True,64x126,0.671875,0.671875,0.609375,0.609375,0.0139264781028032,0.666847445257008,True,ok
623,accident,accident,0,train,https://media.spreadthesign.com/video/mp4/13/118182.mp4,spreadthesign,26,1,-1,25,data\raw\WLASL500\videos\00623,data\landmarks\wlasl500\00623.npy,data\raw\WLASL500\videos\00623.mp4,found,True,True,64x126,0.625,0.625,0.375,0.375,0.0444928221404552,0.61875,True,ok
635,accident,accident,0,test,https://www.youtube.com/watch?v=SvF0j4h-3uE,aslu,5,1,-1,25,data\raw\WLASL500\videos\00635,data\landmarks\wlasl500\00635.npy,data\raw\WLASL500\videos\00635.mp4,found,True,True,64x126,0.671875,0.671875,0.3125,0.3125,0.048412088304758,0.65234375,True,ok
2997,apple,apple,2,test,https://www.youtube.com/watch?v=jPn0FQxkdBc,asl5200,9,3181,3233,25,data\raw\WLASL500\videos\02997,data\landmarks\wlasl500\02997.npy,data\raw\WLASL500\videos\02997.mp4,found,True,True,64x126,0.828125,0.828125,0.234375,0.234375,0.1013596355915069,0.7773437500000001,True,ok
68003,apple,apple,2,train,https://www.youtube.com/watch?v=BT3cFFLNzD8,valencia-asl,109,1,-1,25,data\raw\WLASL500\videos\68003,data\landmarks\wlasl500\68003.npy,data\raw\WLASL500\videos\68003.mp4,found,True,True,64x126,0.625,0.625,0.0,0.0,0.0088997362181544,0.5534993405453861,True,ok
3006,apple,apple,2,train,https://www.youtube.com/watch?v=4gTs30ozIrA,aslu,5,1,-1,25,data\raw\WLASL500\videos\03006,data\landmarks\wlasl500\03006.npy,data\raw\WLASL500\videos\03006.mp4,found,True,True,64x126,0.625,0.625,0.015625,0.015625,0.0189919266849756,0.5802923167124391,True,ok
2999,apple,apple,2,val,https://media.spreadthesign.com/video/mp4/13/455436.mp4,spreadthesign,37,1,-1,25,data\raw\WLASL500\videos\02999,data\landmarks\wlasl500\02999.npy,data\raw\WLASL500\videos\02999.mp4,found,True,True,64x126,0.625,0.625,0.0,0.0,0.0025801565498113,0.5377003913745284,True,ok
3000,apple,apple,2,train,https://media.spreadthesign.com/video/mp4/13/480702.mp4,spreadthesign,28,1,-1,25,data\raw\WLASL500\videos\03000,data\landmarks\wlasl500\03000.npy,data\raw\WLASL500\videos\03000.mp4,found,True,True,64x126,0.671875,0.671875,0.0,0.0,0.0050376350991427,0.5836878377478569,True,ok
3002,apple,apple,2,train,https://s3-us-west-1.amazonaws.com/files.startasl.com/asldictionary/apple.mp4,startasl,36,1,-1,25,data\raw\WLASL500\videos\03002,data\landmarks\wlasl500\03002.npy,data\raw\WLASL500\videos\03002.mp4,found,True,True,64x126,0.65625,0.65625,0.015625,0.015625,0.0119302496314048,0.5892006240785123,True,ok
3003,apple,apple,2,train,https://media.asldeafined.com/vocabulary/1466511662.3373.mp4,asldeafined,13,1,-1,25,data\raw\WLASL500\videos\03003,data\landmarks\wlasl500\03003.npy,data\raw\WLASL500\videos\03003.mp4,found,True,True,64x126,0.671875,0.671875,0.015625,0.015625,0.0079861059784889,0.5926215149462223,True,ok
13681,cow,cow,6,test,https://www.youtube.com/watch?v=PPmQd2zWdP0,asl5200,9,6767,6803,25,data\raw\WLASL500\videos\13681,data\landmarks\wlasl500\13681.npy,data\raw\WLASL500\videos\13681.mp4,found,True,True,64x126,0.875,0.875,0.1875,0.1875,0.1157626211643219,0.8125000000000001,True,ok
13697,cow,cow,6,train,https://signstock.blob.core.windows.net/signschool/videos/db_uploads/SignSchool%20Cow-6-hRTBII8CE.mp4,signschool,31,1,-1,25,data\raw\WLASL500\videos\13697,data\landmarks\wlasl500\13697.npy,data\raw\WLASL500\videos\13697.mp4,found,True,True,64x126,0.640625,0.640625,0.53125,0.53125,0.0287074614316225,0.64765625,True,ok
13698,cow,cow,6,val,https://signstock.blob.core.windows.net/signschool/videos/SignSchool%20Cow%202.mp4,signschool,31,1,-1,25,data\raw\WLASL500\videos\13698,data\landmarks\wlasl500\13698.npy,data\raw\WLASL500\videos\13698.mp4,found,True,True,64x126,0.640625,0.640625,0.0,0.0,0.0020111175253987,0.5495590438134969,True,ok
13699,cow,cow,6,train,https://media.asldeafined.com/vocabulary/1466904642.2093.mp4,asldeafined,59,1,-1,25,data\raw\WLASL500\videos\13699,data\landmarks\wlasl500\13699.npy,data\raw\WLASL500\videos\13699.mp4,found,True,True,64x126,0.640625,0.640625,0.546875,0.546875,0.0268994625657796,0.6492187500000001,True,ok
13704,cow,cow,6,train,https://www.youtube.com/watch?v=HTCXKjM5h-4,aslu,5,1,-1,25,data\raw\WLASL500\videos\13704,data\landmarks\wlasl500\13704.npy,data\raw\WLASL500\videos\13704.mp4,found,True,True,64x126,0.625,0.625,0.046875,0.046875,0.032187320291996,0.5859375,True,ok
13705,cow,cow,6,train,https://www.youtube.com/watch?v=I2_nB2cXP58,aslu,5,1,-1,25,data\raw\WLASL500\videos\13705,data\landmarks\wlasl500\13705.npy,data\raw\WLASL500\videos\13705.mp4,found,True,True,64x126,0.6875,0.6875,0.0,0.0,0.0083275688812136,0.6051939222030343,True,ok
13707,cow,cow,6,train,https://www.youtube.com/watch?v=oId_a4wrcds,aslu,64,1,-1,25,data\raw\WLASL500\videos\13707,data\landmarks\wlasl500\13707.npy,data\raw\WLASL500\videos\13707.mp4,found,True,True,64x126,0.890625,0.890625,0.0,0.0,0.0054119867272675,0.7705612168181688,True,ok
13708,cow,cow,6,test,https://www.youtube.com/watch?v=sdr-c7NRai8,aslu,5,1,-1,25,data\raw\WLASL500\videos\13708,data\landmarks\wlasl500\13708.npy,data\raw\WLASL500\videos\13708.mp4,found,True,True,64x126,0.90625,0.90625,0.03125,0.03125,0.011089963838458,0.8011624095961453,True,ok
19255,enjoy,enjoy,8,test,https://www.youtube.com/watch?v=2oaCeSdHG-A,asl5200,9,1822,1898,25,data\raw\WLASL500\videos\19255,data\landmarks\wlasl500\19255.npy,data\raw\WLASL500\videos\19255.mp4,found,True,True,64x126,0.96875,0.96875,0.140625,0.140625,0.0940112471580505,0.8875000000000001,True,ok
19261,enjoy,enjoy,8,train,https://media.asldeafined.com/vocabulary/1468376460.8089.mp4,asldeafined,21,1,-1,25,data\raw\WLASL500\videos\19261,data\landmarks\wlasl500\19261.npy,data\raw\WLASL500\videos\19261.mp4,found,True,True,64x126,0.65625,0.65625,0.359375,0.359375,0.0532304942607879,0.64375,True,ok
19266,enjoy,enjoy,8,train,https://www.youtube.com/watch?v=G7MMoJZRltk,aslu,5,1,-1,25,data\raw\WLASL500\videos\19266,data\landmarks\wlasl500\19266.npy,data\raw\WLASL500\videos\19266.mp4,found,True,True,64x126,0.703125,0.703125,0.625,0.625,0.0331846587359905,0.71015625,True,ok
19257,enjoy,enjoy,8,val,https://media.spreadthesign.com/video/mp4/13/456900.mp4,spreadthesign,37,1,-1,25,data\raw\WLASL500\videos\19257,data\landmarks\wlasl500\19257.npy,data\raw\WLASL500\videos\19257.mp4,found,True,True,64x126,0.703125,0.703125,0.703125,0.703125,0.0090599600225687,0.6906186500564218,True,ok
19267,enjoy,enjoy,8,val,https://www.youtube.com/watch?v=Uo_AUbP0O9g,aslu,5,1,-1,25,data\raw\WLASL500\videos\19267,data\landmarks\wlasl500\19267.npy,data\raw\WLASL500\videos\19267.mp4,found,True,True,64x126,0.734375,0.734375,0.625,0.625,0.0272985342890024,0.7367187500000001,True,ok
19258,enjoy,enjoy,8,train,https://s3-us-west-1.amazonaws.com/files.startasl.com/asldictionary/enjoy.mp4,startasl,38,1,-1,25,data\raw\WLASL500\videos\19258,data\landmarks\wlasl500\19258.npy,data\raw\WLASL500\videos\19258.mp4,found,True,True,64x126,0.734375,0.734375,0.703125,0.703125,0.0174718275666236,0.7382108189165593,True,ok
19259,enjoy,enjoy,8,train,https://signstock.blob.core.windows.net/signschool/videos/db_uploads/SignSchool%20Enjoy-J1S7e-UwSMY.mp4,signschool,4,1,-1,25,data\raw\WLASL500\videos\19259,data\landmarks\wlasl500\19259.npy,data\raw\WLASL500\videos\19259.mp4,found,True,True,64x126,0.78125,0.78125,0.5625,0.5625,0.0355999954044818,0.7703125000000001,True,ok
19260,enjoy,enjoy,8,train,https://signstock.blob.core.windows.net/signschool/videos/db_uploads/SignSchool%20Enjoy-OqNA--JdTmA.mp4,signschool,39,1,-1,25,data\raw\WLASL500\videos\19260,data\landmarks\wlasl500\19260.npy,data\raw\WLASL500\videos\19260.mp4,found,True,True,64x126,0.71875,0.71875,0.453125,0.453125,0.0276615787297487,0.70625,True,ok
61804,visit,visit,19,test,https://www.youtube.com/watch?v=cP1FdT_zo7U,asl5200,9,559,615,25,data\raw\WLASL500\videos\61804,data\landmarks\wlasl500\61804.npy,data\raw\WLASL500\videos\61804.mp4,found,True,True,64x126,0.890625,0.890625,0.390625,0.390625,0.0840770155191421,0.8460937500000001,True,ok
61807,visit,visit,19,train,https://signstock.blob.core.windows.net/signschool/videos/db_uploads/SignSchool%20Visit%202-5Dgxt9vLDMQ.mp4,signschool,4,1,-1,25,data\raw\WLASL500\videos\61807,data\landmarks\wlasl500\61807.npy,data\raw\WLASL500\videos\61807.mp4,found,True,True,64x126,0.65625,0.65625,0.453125,0.453125,0.0467661134898662,0.6531250000000001,True,ok
61808,visit,visit,19,train,https://signstock.blob.core.windows.net/signschool/videos/db_uploads/SignSchool%20Visit%203-7FEKfpGz_vQ.mp4,signschool,4,1,-1,25,data\raw\WLASL500\videos\61808,data\landmarks\wlasl500\61808.npy,data\raw\WLASL500\videos\61808.mp4,found,True,True,64x126,0.8125,0.8125,0.5625,0.5625,0.0166580583900213,0.7885201459750534,True,ok
61809,visit,visit,19,train,https://signstock.blob.core.windows.net/signschool/videos/db_uploads/SignSchool%20Visit-psRhQvN_hLo.mp4,signschool,4,1,-1,25,data\raw\WLASL500\videos\61809,data\landmarks\wlasl500\61809.npy,data\raw\WLASL500\videos\61809.mp4,found,True,True,64x126,0.75,0.75,0.25,0.25,0.0265990085899829,0.7125000000000001,True,ok
61810,visit,visit,19,val,https://media.asldeafined.com/vocabulary/1468926605.5501.mp4,asldeafined,13,1,-1,25,data\raw\WLASL500\videos\61810,data\landmarks\wlasl500\61810.npy,data\raw\WLASL500\videos\61810.mp4,found,True,True,64x126,0.765625,0.765625,0.734375,0.734375,0.0240019373595714,0.7742187500000002,True,ok
61814,visit,visit,19,train,https://www.youtube.com/watch?v=PWLbRrwK4i8,aslu,5,1,-1,25,data\raw\WLASL500\videos\61814,data\landmarks\wlasl500\61814.npy,data\raw\WLASL500\videos\61814.mp4,found,True,True,64x126,0.84375,0.84375,0.75,0.75,0.0318189449608325,0.8421875000000001,True,ok
61817,visit,visit,19,train,https://www.youtube.com/watch?v=wosMxHHFE_4,aslu,5,1,-1,25,data\raw\WLASL500\videos\61817,data\landmarks\wlasl500\61817.npy,data\raw\WLASL500\videos\61817.mp4,found,True,True,64x126,0.796875,0.796875,0.640625,0.640625,0.0586341433227062,0.7914062500000001,True,ok
61806,visit,visit,19,train,https://s3-us-west-1.amazonaws.com/files.startasl.com/asldictionary/visit.mp4,startasl,38,1,-1,25,data\raw\WLASL500\videos\61806,data\landmarks\wlasl500\61806.npy,data\raw\WLASL500\videos\61806.mp4,found,True,True,64x126,0.640625,0.640625,0.578125,0.578125,0.0259713642299175,0.6523437500000001,True,ok
4833,ball,ball,3,test,https://www.youtube.com/watch?v=pDqITge_TGs,asl5200,9,577,633,25,data\raw\WLASL500\videos\04833,data\landmarks\wlasl500\04833.npy,data\raw\WLASL500\videos\04833.mp4,found,True,True,64x126,0.90625,0.90625,0.203125,0.203125,0.1008480340242385,0.8406250000000001,True,ok
69221,ball,ball,3,test,http://aslbricks.org/New/ASL-Videos/ball.mp4,aslbrick,119,1,-1,25,data\raw\WLASL500\videos\69221,data\landmarks\wlasl500\69221.npy,data\raw\WLASL500\videos\69221.mp4,found,True,True,64x126,0.71875,0.71875,0.65625,0.65625,0.0281657874584198,0.7265625000000001,True,ok
4851,ball,ball,3,train,https://signstock.blob.core.windows.net/signschool/videos/db_uploads/SignSchool%20ball-u7YdwN89Leg.mp4,signschool,52,1,-1,25,data\raw\WLASL500\videos\04851,data\landmarks\wlasl500\04851.npy,data\raw\WLASL500\videos\04851.mp4,found,True,True,64x126,0.625,0.625,0.515625,0.515625,0.0362915098667144,0.6328125,True,ok
4852,ball,ball,3,train,https://media.asldeafined.com/vocabulary/1466648644.5380.mp4,asldeafined,13,1,-1,25,data\raw\WLASL500\videos\04852,data\landmarks\wlasl500\04852.npy,data\raw\WLASL500\videos\04852.mp4,found,True,True,64x126,0.625,0.625,0.625,0.625,0.0068048937246203,0.6107622343115509,True,ok
4859,ball,ball,3,train,https://www.youtube.com/watch?v=1WX8ohyKYQY,aslu,5,1,-1,25,data\raw\WLASL500\videos\04859,data\landmarks\wlasl500\04859.npy,data\raw\WLASL500\videos\04859.mp4,found,True,True,64x126,0.84375,0.84375,0.8125,0.8125,0.0265346113592386,0.8484375000000002,True,ok
4860,ball,ball,3,val,https://www.youtube.com/watch?v=FXU1RbwSJvU,aslu,64,1,-1,25,data\raw\WLASL500\videos\04860,data\landmarks\wlasl500\04860.npy,data\raw\WLASL500\videos\04860.mp4,found,True,True,64x126,0.78125,0.78125,0.75,0.75,0.0092533007264137,0.7621957518160343,True,ok
4861,ball,ball,3,train,https://www.youtube.com/watch?v=vnmpdsQdbFc,aslu,5,1,-1,25,data\raw\WLASL500\videos\04861,data\landmarks\wlasl500\04861.npy,data\raw\WLASL500\videos\04861.mp4,found,True,True,64x126,0.71875,0.71875,0.65625,0.65625,0.0247943382710218,0.7265625000000001,True,ok
55768,sunday,sunday,17,test,https://www.youtube.com/watch?v=XB3Q6IX6CBo,asl5200,9,10324,10370,25,data\raw\WLASL500\videos\55768,data\landmarks\wlasl500\55768.npy,data\raw\WLASL500\videos\55768.mp4,found,True,True,64x126,0.875,0.875,0.171875,0.171875,0.107121430337429,0.8109375000000001,True,ok
55773,sunday,sunday,17,train,https://media.asldeafined.com/vocabulary/1468898005.2311.mp4,asldeafined,13,1,-1,25,data\raw\WLASL500\videos\55773,data\landmarks\wlasl500\55773.npy,data\raw\WLASL500\videos\55773.mp4,found,True,True,64x126,0.796875,0.796875,0.75,0.75,0.0247591137886047,0.8023437500000001,True,ok
55778,sunday,sunday,17,val,https://www.youtube.com/watch?v=bmy6YRYlW0Y,aslu,5,1,-1,25,data\raw\WLASL500\videos\55778,data\landmarks\wlasl500\55778.npy,data\raw\WLASL500\videos\55778.mp4,found,True,True,64x126,0.625,0.625,0.5625,0.5625,0.0497664399445056,0.6375000000000001,True,ok
55779,sunday,sunday,17,train,https://www.youtube.com/watch?v=EUoby_wzGzY,aslu,5,1,-1,25,data\raw\WLASL500\videos\55779,data\landmarks\wlasl500\55779.npy,data\raw\WLASL500\videos\55779.mp4,found,True,True,64x126,0.625,0.625,0.5,0.5,0.0504959225654602,0.6312500000000001,True,ok
55780,sunday,sunday,17,train,https://www.youtube.com/watch?v=Gh5pD88Vgw0,aslu,5,1,-1,25,data\raw\WLASL500\videos\55780,data\landmarks\wlasl500\55780.npy,data\raw\WLASL500\videos\55780.mp4,found,True,True,64x126,0.671875,0.671875,0.578125,0.578125,0.0463651753962039,0.67890625,True,ok
55771,sunday,sunday,17,train,https://signstock.blob.core.windows.net/signschool/videos/db_uploads/SignSchool%20Sunday%20var-ijo4CWiHimg.mp4,signschool,4,2,-1,25,data\raw\WLASL500\videos\55771,data\landmarks\wlasl500\55771.npy,data\raw\WLASL500\videos\55771.mp4,found,True,True,64x126,0.65625,0.65625,0.4375,0.4375,0.0503861643373966,0.6515625,True,ok
55772,sunday,sunday,17,train,https://signstock.blob.core.windows.net/signschool/videos/db_uploads/SignSchool%20Sunday-lI1t5IWPw30.mp4,signschool,3,1,-1,25,data\raw\WLASL500\videos\55772,data\landmarks\wlasl500\55772.npy,data\raw\WLASL500\videos\55772.mp4,found,True,True,64x126,0.96875,0.96875,0.609375,0.609375,0.0383866652846336,0.934375,True,ok
59203,trade,trade,18,test,https://www.youtube.com/watch?v=x6CehcknaH8,asl5200,9,4612,4671,25,data\raw\WLASL500\videos\59203,data\landmarks\wlasl500\59203.npy,data\raw\WLASL500\videos\59203.mp4,found,True,True,64x126,0.90625,0.90625,0.109375,0.109375,0.0848293974995613,0.8312500000000002,True,ok
59206,trade,trade,18,test,https://signstock.blob.core.windows.net/signschool/videos/db_uploads/SignSchool%20Exchange%2C%20Trade-Oz_fQfUSAbg.mp4,signschool,31,1,-1,25,data\raw\WLASL500\videos\59206,data\landmarks\wlasl500\59206.npy,data\raw\WLASL500\videos\59206.mp4,found,True,True,64x126,0.671875,0.671875,0.0,0.0,0.0050515476614236,0.5837226191535592,True,ok
59207,trade,trade,18,train,https://signstock.blob.core.windows.net/signschool/videos/db_uploads/SignSchool%20Trade%20X%20over%20thumbs-D09V4CZTeq4.mp4,signschool,4,1,-1,25,data\raw\WLASL500\videos\59207,data\landmarks\wlasl500\59207.npy,data\raw\WLASL500\videos\59207.mp4,found,True,True,64x126,0.734375,0.734375,0.328125,0.328125,0.0290110763162374,0.7070312500000001,True,ok
59208,trade,trade,18,train,https://signstock.blob.core.windows.net/signschool/videos/db_uploads/SignSchool%20Trade%20X-cytY5T6rawk.mp4,signschool,4,1,-1,25,data\raw\WLASL500\videos\59208,data\landmarks\wlasl500\59208.npy,data\raw\WLASL500\videos\59208.mp4,found,True,True,64x126,0.71875,0.71875,0.171875,0.171875,0.0455580241978168,0.6781250000000001,True,ok
59209,trade,trade,18,train,https://signstock.blob.core.windows.net/signschool/videos/db_uploads/SignSchool%20Trade%2C%20Exchange%202-Rdy6C3yWU9g.mp4,signschool,4,1,-1,25,data\raw\WLASL500\videos\59209,data\landmarks\wlasl500\59209.npy,data\raw\WLASL500\videos\59209.mp4,found,True,True,64x126,0.671875,0.671875,0.296875,0.296875,0.0510139130055904,0.65078125,True,ok
59210,trade,trade,18,val,https://signstock.blob.core.windows.net/signschool/videos/db_uploads/SignSchool%20Trade%2C%20Exchange-mrIg6AlheOY.mp4,signschool,4,1,-1,25,data\raw\WLASL500\videos\59210,data\landmarks\wlasl500\59210.npy,data\raw\WLASL500\videos\59210.mp4,found,True,True,64x126,0.734375,0.734375,0.046875,0.046875,0.0231581348925828,0.67890625,True,ok
59212,trade,trade,18,val,https://media.asldeafined.com/vocabulary/1468946514.2444.mp4,asldeafined,21,1,-1,25,data\raw\WLASL500\videos\59212,data\landmarks\wlasl500\59212.npy,data\raw\WLASL500\videos\59212.mp4,found,True,True,64x126,0.734375,0.734375,0.4375,0.4375,0.0662544444203376,0.71796875,True,ok
59205,trade,trade,18,train,https://media.spreadthesign.com/video/mp4/13/482583.mp4,spreadthesign,28,1,-1,25,data\raw\WLASL500\videos\59205,data\landmarks\wlasl500\59205.npy,data\raw\WLASL500\videos\59205.mp4,found,True,True,64x126,0.609375,0.609375,0.453125,0.453125,0.0360947847366333,0.6132812500000001,True,ok
25240,government,government,9,val,https://www.youtube.com/watch?v=YdHKN_wHZqo,asl5200,9,1430,1476,25,data\raw\WLASL500\videos\25240,data\landmarks\wlasl500\25240.npy,data\raw\WLASL500\videos\25240.mp4,found,True,True,64x126,0.921875,0.921875,0.171875,0.171875,0.098901093006134,0.8507812500000002,True,ok
25244,government,government,9,train,https://signstock.blob.core.windows.net/signschool/videos/db_uploads/SignSchool%20Government%202-VsivllxcxiI.mp4,signschool,4,1,-1,25,data\raw\WLASL500\videos\25244,data\landmarks\wlasl500\25244.npy,data\raw\WLASL500\videos\25244.mp4,found,True,True,64x126,0.625,0.625,0.046875,0.046875,0.016970133408904,0.5783628335222601,True,ok
25245,government,government,9,train,https://signstock.blob.core.windows.net/signschool/videos/db_uploads/SignSchool%20Government%203-1vnxVTcVms4.mp4,signschool,4,1,-1,25,data\raw\WLASL500\videos\25245,data\landmarks\wlasl500\25245.npy,data\raw\WLASL500\videos\25245.mp4,found,True,True,64x126,0.71875,0.71875,0.0,0.0,0.0044928407296538,0.6221696018241346,True,ok
25246,government,government,9,val,https://signstock.blob.core.windows.net/signschool/videos/db_uploads/SignSchool%20Government-IBDl4aXPFgM.mp4,signschool,4,1,-1,25,data\raw\WLASL500\videos\25246,data\landmarks\wlasl500\25246.npy,data\raw\WLASL500\videos\25246.mp4,found,True,True,64x126,0.671875,0.671875,0.0,0.0,0.0042028045281767,0.5816007613204419,True,ok
25247,government,government,9,train,https://media.asldeafined.com/vocabulary/1468549814.5634.mp4,asldeafined,21,1,-1,25,data\raw\WLASL500\videos\25247,data\landmarks\wlasl500\25247.npy,data\raw\WLASL500\videos\25247.mp4,found,True,True,64x126,0.71875,0.71875,0.0,0.0,0.0061050588265061,0.6262001470662654,True,ok
25251,government,government,9,test,https://www.youtube.com/watch?v=qUqPruV10Gg,aslu,5,1,-1,25,data\raw\WLASL500\videos\25251,data\landmarks\wlasl500\25251.npy,data\raw\WLASL500\videos\25251.mp4,found,True,True,64x126,0.6875,0.6875,0.015625,0.015625,0.0139443194493651,0.620798298623413,True,ok
25252,government,government,9,val,https://www.youtube.com/watch?v=qUqPruV10Gg,aslu,5,1,-1,25,data\raw\WLASL500\videos\25252,data\landmarks\wlasl500\25252.npy,data\raw\WLASL500\videos\25252.mp4,found,True,True,64x126,0.6875,0.6875,0.015625,0.015625,0.0139443194493651,0.620798298623413,True,ok
38103,new,new,13,val,https://www.youtube.com/watch?v=1_jXxjd0lKE,asl5200,9,941,977,25,data\raw\WLASL500\videos\38103,data\landmarks\wlasl500\38103.npy,data\raw\WLASL500\videos\38103.mp4,found,True,True,64x126,0.90625,0.90625,0.140625,0.140625,0.0750689506530761,0.8343750000000001,True,ok
38131,new,new,13,train,https://www.youtube.com/watch?v=cftJMIT87TQ,aslu,5,1,-1,25,data\raw\WLASL500\videos\38131,data\landmarks\wlasl500\38131.npy,data\raw\WLASL500\videos\38131.mp4,found,True,True,64x126,0.671875,0.671875,0.65625,0.65625,0.0127726616337895,0.6686504040844738,True,ok
38123,new,new,13,val,https://signstock.blob.core.windows.net/signschool/videos/db_uploads/SignSchool%20New%202-WKrrU8zgbyg.mp4,signschool,39,1,-1,25,data\raw\WLASL500\videos\38123,data\landmarks\wlasl500\38123.npy,data\raw\WLASL500\videos\38123.mp4,found,True,True,64x126,0.703125,0.703125,0.171875,0.171875,0.0353572741150856,0.6648437500000001,True,ok
38124,new,new,13,test,https://signstock.blob.core.windows.net/signschool/videos/db_uploads/SignSchool%20New%2C%20Fresh-rnNRrzVVohg.mp4,signschool,39,1,-1,25,data\raw\WLASL500\videos\38124,data\landmarks\wlasl500\38124.npy,data\raw\WLASL500\videos\38124.mp4,found,True,True,64x126,0.75,0.75,0.515625,0.515625,0.0335722677409648,0.7390625000000001,True,ok
38125,new,new,13,train,https://signstock.blob.core.windows.net/signschool/videos/db_uploads/SignSchool%20New-4xM6zIJhnJ0.mp4,signschool,39,1,-1,25,data\raw\WLASL500\videos\38125,data\landmarks\wlasl500\38125.npy,data\raw\WLASL500\videos\38125.mp4,found,True,True,64x126,0.6875,0.6875,0.53125,0.53125,0.02723353728652,0.6875000000000001,True,ok
38126,new,new,13,train,https://signstock.blob.core.windows.net/signschool/videos/db_uploads/SignSchool%20New-SgAqaWGs-2o.mp4,signschool,6,1,-1,25,data\raw\WLASL500\videos\38126,data\landmarks\wlasl500\38126.npy,data\raw\WLASL500\videos\38126.mp4,found,True,True,64x126,0.8125,0.8125,0.640625,0.640625,0.0774518251419067,0.8046875000000001,True,ok
38127,new,new,13,train,https://media.asldeafined.com/vocabulary/1468718701.4785.mp4,asldeafined,13,1,-1,25,data\raw\WLASL500\videos\38127,data\landmarks\wlasl500\38127.npy,data\raw\WLASL500\videos\38127.mp4,found,True,True,64x126,0.6875,0.6875,0.640625,0.640625,0.0296595152467489,0.6984375000000002,True,ok
53190,some,some,16,val,https://www.youtube.com/watch?v=XB3Q6IX6CBo,asl5200,9,6379,6421,25,data\raw\WLASL500\videos\53190,data\landmarks\wlasl500\53190.npy,data\raw\WLASL500\videos\53190.mp4,found,True,True,64x126,0.875,0.875,0.171875,0.171875,0.107121430337429,0.8109375000000001,True,ok
69484,some,some,16,train,http://aslbricks.org/New/ASL-Videos/some.mp4,aslbrick,115,1,-1,25,data\raw\WLASL500\videos\69484,data\landmarks\wlasl500\69484.npy,data\raw\WLASL500\videos\69484.mp4,found,True,True,64x126,0.65625,0.65625,0.46875,0.46875,0.0141209559515118,0.6399898898787797,True,ok
68159,some,some,16,train,https://www.youtube.com/watch?v=QTRHCvaKTss,valencia-asl,109,1,-1,25,data\raw\WLASL500\videos\68159,data\landmarks\wlasl500\68159.npy,data\raw\WLASL500\videos\68159.mp4,found,True,True,64x126,0.734375,0.734375,0.453125,0.453125,0.0290303993970155,0.7195312500000001,True,ok
53207,some,some,16,train,https://media.spreadthesign.com/video/mp4/13/116950.mp4,spreadthesign,2,1,-1,25,data\raw\WLASL500\videos\53207,data\landmarks\wlasl500\53207.npy,data\raw\WLASL500\videos\53207.mp4,found,True,True,64x126,0.625,0.625,0.546875,0.546875,0.0329584255814552,0.6359375,True,ok
53208,some,some,16,train,https://s3-us-west-1.amazonaws.com/files.startasl.com/asldictionary/some.mp4,startasl,38,1,-1,25,data\raw\WLASL500\videos\53208,data\landmarks\wlasl500\53208.npy,data\raw\WLASL500\videos\53208.mp4,found,True,True,64x126,0.75,0.75,0.5625,0.5625,0.0371252633631229,0.7437500000000001,True,ok
53209,some,some,16,test,https://signstock.blob.core.windows.net/signschool/videos/db_uploads/SignSchool%20Some-RFXnVYaly9g.mp4,signschool,6,1,-1,25,data\raw\WLASL500\videos\53209,data\landmarks\wlasl500\53209.npy,data\raw\WLASL500\videos\53209.mp4,found,True,True,64x126,0.78125,0.78125,0.265625,0.265625,0.0126529959961771,0.722257489990443,True,ok
53210,some,some,16,val,https://media.asldeafined.com/vocabulary/1468776351.1904.mp4,asldeafined,13,1,-1,25,data\raw\WLASL500\videos\53210,data\landmarks\wlasl500\53210.npy,data\raw\WLASL500\videos\53210.mp4,found,True,True,64x126,0.671875,0.671875,0.671875,0.671875,0.0062495148740708,0.6539050371851771,True,ok
9914,champion,champion,4,train,https://www.youtube.com/watch?v=PPmQd2zWdP0,asl5200,9,1933,1975,25,data\raw\WLASL500\videos\09914,data\landmarks\wlasl500\09914.npy,data\raw\WLASL500\videos\09914.mp4,found,True,True,64x126,0.875,0.875,0.1875,0.1875,0.1157626211643219,0.8125000000000001,True,ok
9920,champion,champion,4,train,https://signstock.blob.core.windows.net/signschool/videos/db_uploads/SignSchool%20Champ-_v0KzlYIAxc.mp4,signschool,39,1,-1,25,data\raw\WLASL500\videos\09920,data\landmarks\wlasl500\09920.npy,data\raw\WLASL500\videos\09920.mp4,found,True,True,64x126,0.796875,0.796875,0.71875,0.71875,0.0135498363524675,0.7830933408811689,True,ok
9921,champion,champion,4,train,https://signstock.blob.core.windows.net/signschool/videos/db_uploads/SignSchool%20Mushroom%2C%20Championship-FwEsnbhJcdw.mp4,signschool,45,1,-1,25,data\raw\WLASL500\videos\09921,data\landmarks\wlasl500\09921.npy,data\raw\WLASL500\videos\09921.mp4,found,True,True,64x126,0.796875,0.796875,0.625,0.625,0.0138960899785161,0.7745839749462903,True,ok
9916,champion,champion,4,val,https://signstock.blob.core.windows.net/signschool/videos/db_uploads/SignSchool%20Champ%202-d0rndTtv_QI.mp4,signschool,4,1,-1,25,data\raw\WLASL500\videos\09916,data\landmarks\wlasl500\09916.npy,data\raw\WLASL500\videos\09916.mp4,found,True,True,64x126,0.671875,0.671875,0.296875,0.296875,0.0177031103521585,0.6450390258803963,True,ok
9917,champion,champion,4,test,https://signstock.blob.core.windows.net/signschool/videos/db_uploads/SignSchool%20Champ%20copy-sWfCMQbdNJA.mp4,signschool,4,1,-1,25,data\raw\WLASL500\videos\09917,data\landmarks\wlasl500\09917.npy,data\raw\WLASL500\videos\09917.mp4,found,True,True,64x126,0.6875,0.6875,0.46875,0.46875,0.0369757488369941,0.6812500000000001,True,ok
9919,champion,champion,4,train,https://signstock.blob.core.windows.net/signschool/videos/db_uploads/SignSchool%20Champion%20-w2Z5s9MvegE.mp4,signschool,39,1,-1,25,data\raw\WLASL500\videos\09919,data\landmarks\wlasl500\09919.npy,data\raw\WLASL500\videos\09919.mp4,found,True,True,64x126,0.796875,0.796875,0.734375,0.734375,0.0137673802673816,0.7851997006684542,True,ok
37773,near,near,12,train,https://www.youtube.com/watch?v=1_jXxjd0lKE,asl5200,9,270,326,25,data\raw\WLASL500\videos\37773,data\landmarks\wlasl500\37773.npy,data\raw\WLASL500\videos\37773.mp4,found,True,True,64x126,0.90625,0.90625,0.140625,0.140625,0.0750689506530761,0.8343750000000001,True,ok
37790,near,near,12,train,https://media.asldeafined.com/vocabulary/1468718072.176.mp4,asldeafined,13,1,-1,25,data\raw\WLASL500\videos\37790,data\landmarks\wlasl500\37790.npy,data\raw\WLASL500\videos\37790.mp4,found,True,True,64x126,0.6875,0.6875,0.5625,0.5625,0.0258428175002336,0.6906250000000002,True,ok
37786,near,near,12,val,https://signstock.blob.core.windows.net/signschool/videos/db_uploads/SignSchool%20Near%202-mNYYD8m5cdA.mp4,signschool,6,1,-1,25,data\raw\WLASL500\videos\37786,data\landmarks\wlasl500\37786.npy,data\raw\WLASL500\videos\37786.mp4,found,True,True,64x126,0.8125,0.8125,0.234375,0.234375,0.0180935692042112,0.7592964230105281,True,ok
37787,near,near,12,test,https://signstock.blob.core.windows.net/signschool/videos/db_uploads/SignSchool%20Near-FvpESshurCM.mp4,signschool,4,1,-1,25,data\raw\WLASL500\videos\37787,data\landmarks\wlasl500\37787.npy,data\raw\WLASL500\videos\37787.mp4,found,True,True,64x126,0.796875,0.796875,0.46875,0.46875,0.0218108743429183,0.7742187500000001,True,ok
37788,near,near,12,train,https://signstock.blob.core.windows.net/signschool/videos/db_uploads/SignSchool%20Near-NHzMwjY1u8k.mp4,signschool,6,1,-1,25,data\raw\WLASL500\videos\37788,data\landmarks\wlasl500\37788.npy,data\raw\WLASL500\videos\37788.mp4,found,True,True,64x126,0.8125,0.8125,0.6875,0.6875,0.0234574396163225,0.8093750000000001,True,ok
37789,near,near,12,train,https://signstock.blob.core.windows.net/signschool/videos/db_uploads/SignSchool%20Near-xLl0ptpuPfA.mp4,signschool,3,1,-1,25,data\raw\WLASL500\videos\37789,data\landmarks\wlasl500\37789.npy,data\raw\WLASL500\videos\37789.mp4,found,True,True,64x126,0.8125,0.8125,0.453125,0.453125,0.0129981646314263,0.7684329115785659,True,ok
51882,sister,sister,15,train,https://www.youtube.com/watch?v=XB3Q6IX6CBo,asl5200,9,4498,4544,25,data\raw\WLASL500\videos\51882,data\landmarks\wlasl500\51882.npy,data\raw\WLASL500\videos\51882.mp4,found,True,True,64x126,0.875,0.875,0.171875,0.171875,0.107121430337429,0.8109375000000001,True,ok
51887,sister,sister,15,val,https://media.asldeafined.com/vocabulary/1468767389.1341.mp4,asldeafined,13,1,-1,25,data\raw\WLASL500\videos\51887,data\landmarks\wlasl500\51887.npy,data\raw\WLASL500\videos\51887.mp4,found,True,True,64x126,0.625,0.625,0.40625,0.40625,0.0263304729014635,0.6218750000000001,True,ok
51892,sister,sister,15,train,https://www.youtube.com/watch?v=1skSbSMPlMI,aslu,5,1,-1,25,data\raw\WLASL500\videos\51892,data\landmarks\wlasl500\51892.npy,data\raw\WLASL500\videos\51892.mp4,found,True,True,64x126,0.8125,0.8125,0.734375,0.734375,0.0187020543962717,0.8108176359906794,True,ok
51893,sister,sister,15,test,https://www.youtube.com/watch?v=glJmYf137OM,aslu,5,1,-1,25,data\raw\WLASL500\videos\51893,data\landmarks\wlasl500\51893.npy,data\raw\WLASL500\videos\51893.mp4,found,True,True,64x126,0.796875,0.796875,0.734375,0.734375,0.0152267916128039,0.7888482290320099,True,ok
51884,sister,sister,15,train,https://signstock.blob.core.windows.net/signschool/videos/db_uploads/SignSchool%20Sister%202-Nir1m7wW0MA.mp4,signschool,39,1,-1,25,data\raw\WLASL500\videos\51884,data\landmarks\wlasl500\51884.npy,data\raw\WLASL500\videos\51884.mp4,found,True,True,64x126,0.765625,0.765625,0.53125,0.53125,0.0349599309265613,0.7539062500000001,True,ok
51885,sister,sister,15,train,https://signstock.blob.core.windows.net/signschool/videos/db_uploads/SignSchool%20Sister-X7vWbKADW8w.mp4,signschool,39,1,-1,25,data\raw\WLASL500\videos\51885,data\landmarks\wlasl500\51885.npy,data\raw\WLASL500\videos\51885.mp4,found,True,True,64x126,0.796875,0.796875,0.609375,0.609375,0.0330243073403835,0.78828125,True,ok
